SET @OLD_UNIQUE_CHECKS=@@UNIQUE_CHECKS, UNIQUE_CHECKS=0;
SET @OLD_FOREIGN_KEY_CHECKS=@@FOREIGN_KEY_CHECKS, FOREIGN_KEY_CHECKS=0;
SET @OLD_SQL_MODE=@@SQL_MODE, SQL_MODE='TRADITIONAL,ALLOW_INVALID_DATES';

DROP SCHEMA IF EXISTS `serlo` ;
CREATE SCHEMA IF NOT EXISTS `serlo` DEFAULT CHARACTER SET utf8 COLLATE utf8_general_ci ;
USE `serlo` ;

-- -----------------------------------------------------
-- Table `serlo`.`language`
-- -----------------------------------------------------
DROP TABLE IF EXISTS `serlo`.`language` ;

CREATE TABLE IF NOT EXISTS `serlo`.`language` (
  `id` INT NOT NULL AUTO_INCREMENT,
  `code` VARCHAR(2) NOT NULL,
  `name` VARCHAR(255) NOT NULL,
  `locale` VARCHAR(5) NOT NULL,
  PRIMARY KEY (`id`))
  ENGINE = InnoDB;


-- -----------------------------------------------------
-- Table `serlo`.`instance`
-- -----------------------------------------------------
DROP TABLE IF EXISTS `serlo`.`instance` ;

CREATE TABLE IF NOT EXISTS `serlo`.`instance` (
  `id` INT NOT NULL AUTO_INCREMENT,
  `language_id` INT NOT NULL,
  `name` VARCHAR(255) NOT NULL,
  `subdomain` VARCHAR(10) NOT NULL,
  PRIMARY KEY (`id`),
  UNIQUE INDEX `name_UNIQUE` (`name` ASC),
  INDEX `fk_instance_language1_idx` (`language_id` ASC),
  CONSTRAINT `fk_instance_language1`
  FOREIGN KEY (`language_id`)
  REFERENCES `serlo`.`language` (`id`)
    ON DELETE CASCADE
    ON UPDATE CASCADE)
  ENGINE = InnoDB;


-- -----------------------------------------------------
-- Table `serlo`.`role`
-- -----------------------------------------------------
DROP TABLE IF EXISTS `serlo`.`role` ;

CREATE TABLE IF NOT EXISTS `serlo`.`role` (
  `id` INT(11) NOT NULL AUTO_INCREMENT,
  `name` VARCHAR(32) NOT NULL,
  `description` VARCHAR(255) NULL,
  PRIMARY KEY (`id`),
  UNIQUE INDEX `uniq_name` (`name` ASC))
  ENGINE = InnoDB;


-- -----------------------------------------------------
-- Table `serlo`.`uuid`
-- -----------------------------------------------------
DROP TABLE IF EXISTS `serlo`.`uuid` ;

CREATE TABLE IF NOT EXISTS `serlo`.`uuid` (
  `id` BIGINT NOT NULL AUTO_INCREMENT,
  `trashed` TINYINT(1) NOT NULL DEFAULT FALSE,
  `discriminator` VARCHAR(45) NOT NULL,
  PRIMARY KEY (`id`),
  INDEX `uuid_type` (`discriminator` ASC))
  ENGINE = InnoDB;


-- -----------------------------------------------------
-- Table `serlo`.`type`
-- -----------------------------------------------------
DROP TABLE IF EXISTS `serlo`.`type` ;

CREATE TABLE IF NOT EXISTS `serlo`.`type` (
  `id` INT NOT NULL AUTO_INCREMENT,
  `name` VARCHAR(255) NOT NULL,
  PRIMARY KEY (`id`),
  UNIQUE INDEX `className_UNIQUE` (`name` ASC))
  ENGINE = InnoDB;


-- -----------------------------------------------------
-- Table `serlo`.`attachment_container`
-- -----------------------------------------------------
DROP TABLE IF EXISTS `serlo`.`attachment_container` ;

CREATE TABLE IF NOT EXISTS `serlo`.`attachment_container` (
  `id` BIGINT NOT NULL,
  `instance_id` INT NOT NULL,
  `type_id` INT NOT NULL,
  INDEX `fk_upload_uuid1_idx` (`id` ASC),
  PRIMARY KEY (`id`),
  INDEX `fk_upload_language1_idx` (`instance_id` ASC),
  INDEX `fk_attachment_type1_idx` (`type_id` ASC),
  CONSTRAINT `fk_upload_uuid1`
  FOREIGN KEY (`id`)
  REFERENCES `serlo`.`uuid` (`id`)
    ON DELETE CASCADE
    ON UPDATE CASCADE,
  CONSTRAINT `fk_upload_language1`
  FOREIGN KEY (`instance_id`)
  REFERENCES `serlo`.`instance` (`id`)
    ON DELETE CASCADE
    ON UPDATE CASCADE,
  CONSTRAINT `fk_attachment_type1`
  FOREIGN KEY (`type_id`)
  REFERENCES `serlo`.`type` (`id`)
    ON DELETE CASCADE
    ON UPDATE CASCADE)
  ENGINE = InnoDB;


-- -----------------------------------------------------
-- Table `serlo`.`user`
-- -----------------------------------------------------
DROP TABLE IF EXISTS `serlo`.`user` ;

CREATE TABLE IF NOT EXISTS `serlo`.`user` (
  `id` BIGINT NOT NULL,
  `email` VARCHAR(127) NOT NULL,
  `username` VARCHAR(32) NOT NULL DEFAULT '',
  `password` CHAR(50) NOT NULL,
  `logins` INT(10) NOT NULL DEFAULT '0',
  `date` TIMESTAMP NOT NULL DEFAULT CURRENT_TIMESTAMP,
  `ads_enabled` TINYINT(1) NOT NULL DEFAULT 0,
  `token` VARCHAR(32) NOT NULL,
  `last_login` TIMESTAMP NULL,
  `avatar_id` BIGINT NULL,
  `description` TEXT NULL,
  PRIMARY KEY (`id`),
  UNIQUE INDEX `uniq_username` (`username` ASC),
  UNIQUE INDEX `uniq_email` (`email` ASC),
  INDEX `fk_user_uuid1_idx` (`id` ASC),
  UNIQUE INDEX `token_UNIQUE` (`token` ASC),
  INDEX `fk_user_attachment_container1_idx` (`avatar_id` ASC),
  CONSTRAINT `fk_user_uuid1`
  FOREIGN KEY (`id`)
  REFERENCES `serlo`.`uuid` (`id`)
    ON DELETE CASCADE
    ON UPDATE CASCADE,
  CONSTRAINT `fk_user_attachment_container1`
  FOREIGN KEY (`avatar_id`)
  REFERENCES `serlo`.`attachment_container` (`id`)
    ON DELETE SET NULL
    ON UPDATE CASCADE)
  ENGINE = InnoDB;


-- -----------------------------------------------------
-- Table `serlo`.`user_token`
-- -----------------------------------------------------
DROP TABLE IF EXISTS `serlo`.`user_token` ;

CREATE TABLE IF NOT EXISTS `serlo`.`user_token` (
  `id` INT(11) NOT NULL AUTO_INCREMENT,
  `user_id` INT(11) NOT NULL,
  `user_agent` VARCHAR(40) NOT NULL,
  `token` VARCHAR(32) NOT NULL,
  `created` INT(10) NOT NULL,
  `expires` INT(10) NOT NULL,
  PRIMARY KEY (`id`),
  UNIQUE INDEX `uniq_token` (`token` ASC))
  ENGINE = InnoDB
  DEFAULT CHARACTER SET = utf8;


-- -----------------------------------------------------
-- Table `serlo`.`license`
-- -----------------------------------------------------
DROP TABLE IF EXISTS `serlo`.`license` ;

CREATE TABLE IF NOT EXISTS `serlo`.`license` (
  `id` INT NOT NULL AUTO_INCREMENT,
  `instance_id` INT NOT NULL,
  `default` TINYINT(1) NULL,
  `agreement` TEXT NULL,
  `title` VARCHAR(255) NOT NULL,
  `url` VARCHAR(255) NOT NULL,
  `content` TEXT NULL,
  `icon_href` VARCHAR(255) NULL,
  PRIMARY KEY (`id`),
  INDEX `fk_license_language1_idx` (`instance_id` ASC),
  UNIQUE INDEX `title_UNIQUE` (`title` ASC, `instance_id` ASC),
  CONSTRAINT `fk_license_language1`
  FOREIGN KEY (`instance_id`)
  REFERENCES `serlo`.`instance` (`id`)
    ON DELETE CASCADE
    ON UPDATE CASCADE)
  ENGINE = InnoDB;


-- -----------------------------------------------------
-- Table `serlo`.`entity`
-- -----------------------------------------------------
DROP TABLE IF EXISTS `serlo`.`entity` ;

CREATE TABLE IF NOT EXISTS `serlo`.`entity` (
  `id` BIGINT NOT NULL,
  `type_id` INT NOT NULL,
  `instance_id` INT NOT NULL,
  `license_id` INT NOT NULL,
  `date` TIMESTAMP NOT NULL DEFAULT CURRENT_TIMESTAMP,
  `current_revision_id` INT NULL,
  PRIMARY KEY (`id`),
  INDEX `fk_entity_language1_idx` (`instance_id` ASC),
  INDEX `fk_entity_entity_factory1_idx` (`type_id` ASC),
  INDEX `fk_entity_uuid_idx` (`id` ASC),
  INDEX `fk_entity_license1_idx` (`license_id` ASC),
  CONSTRAINT `fk_entity_language1`
  FOREIGN KEY (`instance_id`)
  REFERENCES `serlo`.`instance` (`id`)
    ON DELETE CASCADE
    ON UPDATE CASCADE,
  CONSTRAINT `fk_entity_entity_factory1`
  FOREIGN KEY (`type_id`)
  REFERENCES `serlo`.`type` (`id`)
    ON DELETE CASCADE
    ON UPDATE CASCADE,
  CONSTRAINT `fk_entity_uuid`
  FOREIGN KEY (`id`)
  REFERENCES `serlo`.`uuid` (`id`)
    ON DELETE CASCADE
    ON UPDATE CASCADE,
  CONSTRAINT `fk_entity_license1`
  FOREIGN KEY (`license_id`)
  REFERENCES `serlo`.`license` (`id`)
    ON DELETE CASCADE
    ON UPDATE CASCADE)
  ENGINE = InnoDB;


-- -----------------------------------------------------
-- Table `serlo`.`entity_link`
-- -----------------------------------------------------
DROP TABLE IF EXISTS `serlo`.`entity_link` ;

CREATE TABLE IF NOT EXISTS `serlo`.`entity_link` (
  `id` BIGINT NOT NULL AUTO_INCREMENT,
  `parent_id` BIGINT NOT NULL,
  `child_id` BIGINT NOT NULL,
  `type_id` INT NOT NULL,
  `order` INT NULL,
  PRIMARY KEY (`id`),
  INDEX `fk_entity_link_entity1_idx` (`parent_id` ASC),
  INDEX `fk_entity_link_entity2_idx` (`child_id` ASC),
  UNIQUE INDEX `uq_entity_link` (`parent_id` ASC, `child_id` ASC),
  INDEX `fk_entity_link_type1_idx` (`type_id` ASC),
  CONSTRAINT `fk_entity_link_entity1`
  FOREIGN KEY (`parent_id`)
  REFERENCES `serlo`.`entity` (`id`)
    ON DELETE CASCADE
    ON UPDATE CASCADE,
  CONSTRAINT `fk_entity_link_entity2`
  FOREIGN KEY (`child_id`)
  REFERENCES `serlo`.`entity` (`id`)
    ON DELETE CASCADE
    ON UPDATE CASCADE,
  CONSTRAINT `fk_entity_link_type1`
  FOREIGN KEY (`type_id`)
  REFERENCES `serlo`.`type` (`id`)
    ON DELETE CASCADE
    ON UPDATE CASCADE)
  ENGINE = InnoDB;


-- -----------------------------------------------------
-- Table `serlo`.`taxonomy`
-- -----------------------------------------------------
DROP TABLE IF EXISTS `serlo`.`taxonomy` ;

CREATE TABLE IF NOT EXISTS `serlo`.`taxonomy` (
  `id` INT NOT NULL AUTO_INCREMENT,
  `type_id` INT NOT NULL,
  `instance_id` INT NOT NULL,
  PRIMARY KEY (`id`),
  INDEX `fk_taxonomy_language1_idx` (`instance_id` ASC),
  INDEX `fk_taxonomy_type1_idx` (`type_id` ASC),
  CONSTRAINT `fk_taxonomy_language1`
  FOREIGN KEY (`instance_id`)
  REFERENCES `serlo`.`instance` (`id`)
    ON DELETE CASCADE
    ON UPDATE CASCADE,
  CONSTRAINT `fk_taxonomy_type1`
  FOREIGN KEY (`type_id`)
  REFERENCES `serlo`.`type` (`id`)
    ON DELETE CASCADE
    ON UPDATE CASCADE)
  ENGINE = InnoDB;


-- -----------------------------------------------------
-- Table `serlo`.`term`
-- -----------------------------------------------------
DROP TABLE IF EXISTS `serlo`.`term` ;

CREATE TABLE IF NOT EXISTS `serlo`.`term` (
  `id` BIGINT NOT NULL AUTO_INCREMENT,
  `instance_id` INT NOT NULL,
  `name` VARCHAR(255) NOT NULL,
  PRIMARY KEY (`id`),
  UNIQUE INDEX `uq_term_name_language` (`name` ASC, `instance_id` ASC),
  INDEX `fk_term_language1_idx` (`instance_id` ASC),
  CONSTRAINT `fk_term_language1`
  FOREIGN KEY (`instance_id`)
  REFERENCES `serlo`.`instance` (`id`)
    ON DELETE CASCADE
    ON UPDATE CASCADE)
  ENGINE = InnoDB;


-- -----------------------------------------------------
-- Table `serlo`.`term_taxonomy`
-- -----------------------------------------------------
DROP TABLE IF EXISTS `serlo`.`term_taxonomy` ;

CREATE TABLE IF NOT EXISTS `serlo`.`term_taxonomy` (
  `id` BIGINT NOT NULL,
  `taxonomy_id` INT NOT NULL,
  `term_id` BIGINT NOT NULL,
  `parent_id` BIGINT NULL DEFAULT NULL,
  `description` TEXT NULL DEFAULT NULL,
  `weight` INT NULL,
  PRIMARY KEY (`id`),
  INDEX `fk_term_taxonomy_taxonomy1_idx` (`taxonomy_id` ASC),
  INDEX `fk_term_taxonomy_term1_idx` (`term_id` ASC),
  INDEX `fk_term_taxonomy_term_taxonomy1_idx` (`parent_id` ASC),
  INDEX `fk_term_taxonomy_uuid_idx` (`id` ASC),
  INDEX `uq_term_taxonomy_unique` (`term_id` ASC, `parent_id` ASC),
  CONSTRAINT `fk_term_taxonomy_taxonomy1`
  FOREIGN KEY (`taxonomy_id`)
  REFERENCES `serlo`.`taxonomy` (`id`)
    ON DELETE CASCADE
    ON UPDATE CASCADE,
  CONSTRAINT `fk_term_taxonomy_term1`
  FOREIGN KEY (`term_id`)
  REFERENCES `serlo`.`term` (`id`)
    ON DELETE CASCADE
    ON UPDATE CASCADE,
  CONSTRAINT `fk_term_taxonomy_term_taxonomy1`
  FOREIGN KEY (`parent_id`)
  REFERENCES `serlo`.`term_taxonomy` (`id`)
    ON DELETE CASCADE
    ON UPDATE CASCADE,
  CONSTRAINT `fk_term_taxonomy_uuid`
  FOREIGN KEY (`id`)
  REFERENCES `serlo`.`uuid` (`id`)
    ON DELETE CASCADE
    ON UPDATE CASCADE)
  ENGINE = InnoDB;


-- -----------------------------------------------------
-- Table `serlo`.`page_repository`
-- -----------------------------------------------------
DROP TABLE IF EXISTS `serlo`.`page_repository` ;

CREATE TABLE IF NOT EXISTS `serlo`.`page_repository` (
  `id` BIGINT NOT NULL,
  `instance_id` INT NOT NULL,
  `license_id` INT NOT NULL DEFAULT 1,
  `forum_id` BIGINT NULL,
  `current_revision_id` INT NULL,
  INDEX `fk_page_repository_uuid2_idx` (`id` ASC),
  INDEX `fk_page_repository_language1_idx` (`instance_id` ASC),
  PRIMARY KEY (`id`),
  INDEX `fk_page_repository_license1_idx` (`license_id` ASC),
  INDEX `fk_page_repository_term_taxonomy1_idx` (`forum_id` ASC),
  CONSTRAINT `fk_page_repository_uuid2`
  FOREIGN KEY (`id`)
  REFERENCES `serlo`.`uuid` (`id`)
    ON DELETE CASCADE
    ON UPDATE CASCADE,
  CONSTRAINT `fk_page_repository_language1`
  FOREIGN KEY (`instance_id`)
  REFERENCES `serlo`.`instance` (`id`)
    ON DELETE CASCADE
    ON UPDATE CASCADE,
  CONSTRAINT `fk_page_repository_license1`
  FOREIGN KEY (`license_id`)
  REFERENCES `serlo`.`license` (`id`)
    ON DELETE CASCADE
    ON UPDATE CASCADE,
  CONSTRAINT `fk_page_repository_term_taxonomy1`
  FOREIGN KEY (`forum_id`)
  REFERENCES `serlo`.`term_taxonomy` (`id`)
    ON DELETE SET NULL
    ON UPDATE CASCADE)
  ENGINE = InnoDB;


-- -----------------------------------------------------
-- Table `serlo`.`page_revision`
-- -----------------------------------------------------
DROP TABLE IF EXISTS `serlo`.`page_revision` ;

CREATE TABLE IF NOT EXISTS `serlo`.`page_revision` (
  `id` BIGINT NOT NULL,
  `author_id` BIGINT NOT NULL,
  `page_repository_id` BIGINT NOT NULL,
  `title` VARCHAR(255) NOT NULL,
  `content` LONGTEXT NOT NULL,
  `date` TIMESTAMP NOT NULL DEFAULT CURRENT_TIMESTAMP,
  `trashed` TINYINT(1) NOT NULL DEFAULT FALSE,
  PRIMARY KEY (`id`),
  INDEX `fk_page_revision_page_repository1_idx` (`page_repository_id` ASC),
  INDEX `fk_page_revision_user1_idx` (`author_id` ASC),
  INDEX `fk_page_revision_uuid1_idx` (`id` ASC),
  CONSTRAINT `fk_page_revision_page_repository1`
  FOREIGN KEY (`page_repository_id`)
  REFERENCES `serlo`.`page_repository` (`id`)
    ON DELETE CASCADE
    ON UPDATE CASCADE,
  CONSTRAINT `fk_page_revision_user1`
  FOREIGN KEY (`author_id`)
  REFERENCES `serlo`.`user` (`id`)
    ON DELETE CASCADE
    ON UPDATE CASCADE,
  CONSTRAINT `fk_page_revision_uuid1`
  FOREIGN KEY (`id`)
  REFERENCES `serlo`.`uuid` (`id`)
    ON DELETE CASCADE
    ON UPDATE CASCADE)
  ENGINE = InnoDB;


-- -----------------------------------------------------
-- Table `serlo`.`blog_post`
-- -----------------------------------------------------
DROP TABLE IF EXISTS `serlo`.`blog_post` ;

CREATE TABLE IF NOT EXISTS `serlo`.`blog_post` (
  `id` BIGINT NOT NULL,
  `author_id` BIGINT NOT NULL,
  `category_id` BIGINT NOT NULL,
  `instance_id` INT NOT NULL,
  `title` VARCHAR(255) NOT NULL,
  `date` TIMESTAMP NOT NULL DEFAULT CURRENT_TIMESTAMP,
  `content` LONGTEXT NOT NULL,
  `publish` TIMESTAMP NULL DEFAULT NULL,
  INDEX `fk_blog_post_user1_idx` (`author_id` ASC),
  INDEX `fk_blog_post_term_taxonomy1_idx` (`category_id` ASC),
  INDEX `fk_blog_post_uuid1_idx` (`id` ASC),
  PRIMARY KEY (`id`),
  INDEX `fk_blog_post_language1_idx` (`instance_id` ASC),
  CONSTRAINT `fk_blog_post_user1`
  FOREIGN KEY (`author_id`)
  REFERENCES `serlo`.`user` (`id`)
    ON DELETE CASCADE
    ON UPDATE CASCADE,
  CONSTRAINT `fk_blog_post_term_taxonomy1`
  FOREIGN KEY (`category_id`)
  REFERENCES `serlo`.`term_taxonomy` (`id`)
    ON DELETE CASCADE
    ON UPDATE CASCADE,
  CONSTRAINT `fk_blog_post_uuid1`
  FOREIGN KEY (`id`)
  REFERENCES `serlo`.`uuid` (`id`)
    ON DELETE CASCADE
    ON UPDATE CASCADE,
  CONSTRAINT `fk_blog_post_language1`
  FOREIGN KEY (`instance_id`)
  REFERENCES `serlo`.`instance` (`id`)
    ON DELETE CASCADE
    ON UPDATE CASCADE)
  ENGINE = InnoDB;


-- -----------------------------------------------------
-- Table `serlo`.`entity_revision`
-- -----------------------------------------------------
DROP TABLE IF EXISTS `serlo`.`entity_revision` ;

CREATE TABLE IF NOT EXISTS `serlo`.`entity_revision` (
  `id` BIGINT NOT NULL,
  `author_id` BIGINT NOT NULL,
  `repository_id` BIGINT NOT NULL,
  `date` TIMESTAMP NOT NULL DEFAULT CURRENT_TIMESTAMP,
  PRIMARY KEY (`id`),
  INDEX `fk_revision_entity1_idx` (`repository_id` ASC),
  INDEX `fk_entity_revision_user2_idx` (`author_id` ASC),
  INDEX `fk_entity_revision_uuid1_idx` (`id` ASC),
  CONSTRAINT `fk_revision_entity1`
  FOREIGN KEY (`repository_id`)
  REFERENCES `serlo`.`entity` (`id`)
    ON DELETE CASCADE
    ON UPDATE CASCADE,
  CONSTRAINT `fk_entity_revision_user2`
  FOREIGN KEY (`author_id`)
  REFERENCES `serlo`.`user` (`id`)
    ON DELETE CASCADE
    ON UPDATE CASCADE,
  CONSTRAINT `fk_entity_revision_uuid1`
  FOREIGN KEY (`id`)
  REFERENCES `serlo`.`uuid` (`id`)
    ON DELETE CASCADE
    ON UPDATE CASCADE)
  ENGINE = InnoDB;


-- -----------------------------------------------------
-- Table `serlo`.`entity_revision_field`
-- -----------------------------------------------------
DROP TABLE IF EXISTS `serlo`.`entity_revision_field` ;

CREATE TABLE IF NOT EXISTS `serlo`.`entity_revision_field` (
  `id` INT NOT NULL AUTO_INCREMENT,
  `field` VARCHAR(255) NOT NULL,
  `entity_revision_id` BIGINT NOT NULL,
  `value` LONGTEXT NOT NULL,
  PRIMARY KEY (`id`, `field`),
  INDEX `fk_entity_revision_field_entity_revision1_idx` (`entity_revision_id` ASC),
  CONSTRAINT `fk_entity_revision_field_entity_revision1`
  FOREIGN KEY (`entity_revision_id`)
  REFERENCES `serlo`.`entity_revision` (`id`)
    ON DELETE CASCADE
    ON UPDATE CASCADE)
  ENGINE = InnoDB;


-- -----------------------------------------------------
-- Table `serlo`.`role_user`
-- -----------------------------------------------------
DROP TABLE IF EXISTS `serlo`.`role_user` ;

CREATE TABLE IF NOT EXISTS `serlo`.`role_user` (
  `user_id` BIGINT NOT NULL,
  `role_id` INT(11) NOT NULL,
  PRIMARY KEY (`role_id`, `user_id`),
  INDEX `fk_role_user_role1_idx` (`role_id` ASC),
  INDEX `fk_role_user_user1_idx` (`user_id` ASC),
  UNIQUE INDEX `user_id_UNIQUE` (`user_id` ASC, `role_id` ASC),
  CONSTRAINT `fk_role_user_role1`
  FOREIGN KEY (`role_id`)
  REFERENCES `serlo`.`role` (`id`)
    ON DELETE CASCADE
    ON UPDATE CASCADE,
  CONSTRAINT `fk_role_user_user1`
  FOREIGN KEY (`user_id`)
  REFERENCES `serlo`.`user` (`id`)
    ON DELETE CASCADE
    ON UPDATE CASCADE)
  ENGINE = InnoDB;


-- -----------------------------------------------------
-- Table `serlo`.`permission`
-- -----------------------------------------------------
DROP TABLE IF EXISTS `serlo`.`permission` ;

CREATE TABLE IF NOT EXISTS `serlo`.`permission` (
  `id` INT NOT NULL AUTO_INCREMENT,
  `name` VARCHAR(255) NOT NULL,
  PRIMARY KEY (`id`),
  UNIQUE INDEX `name_UNIQUE` (`name` ASC))
  ENGINE = InnoDB;


-- -----------------------------------------------------
-- Table `serlo`.`instance_permission`
-- -----------------------------------------------------
DROP TABLE IF EXISTS `serlo`.`instance_permission` ;

CREATE TABLE IF NOT EXISTS `serlo`.`instance_permission` (
  `id` INT NOT NULL AUTO_INCREMENT,
  `permission_id` INT NOT NULL,
  `instance_id` INT NULL,
  PRIMARY KEY (`id`),
  INDEX `fk_tenant_permission_permission1_idx` (`permission_id` ASC),
  INDEX `fk_tenant_permission_tenant1_idx` (`instance_id` ASC),
  CONSTRAINT `fk_tenant_permission_permission1`
  FOREIGN KEY (`permission_id`)
  REFERENCES `serlo`.`permission` (`id`)
    ON DELETE CASCADE
    ON UPDATE CASCADE,
  CONSTRAINT `fk_tenant_permission_tenant1`
  FOREIGN KEY (`instance_id`)
  REFERENCES `serlo`.`instance` (`id`)
    ON DELETE CASCADE
    ON UPDATE CASCADE)
  ENGINE = InnoDB;


-- -----------------------------------------------------
-- Table `serlo`.`role_permission`
-- -----------------------------------------------------
DROP TABLE IF EXISTS `serlo`.`role_permission` ;

CREATE TABLE IF NOT EXISTS `serlo`.`role_permission` (
  `role_id` INT(11) NOT NULL,
  `permission_id` INT NOT NULL,
  PRIMARY KEY (`role_id`, `permission_id`),
  INDEX `fk_role_has_permission_permission1_idx` (`permission_id` ASC),
  INDEX `fk_role_has_permission_role1_idx` (`role_id` ASC),
  CONSTRAINT `fk_role_has_permission_role1`
  FOREIGN KEY (`role_id`)
  REFERENCES `serlo`.`role` (`id`)
    ON DELETE CASCADE
    ON UPDATE CASCADE,
  CONSTRAINT `fk_role_has_permission_permission1`
  FOREIGN KEY (`permission_id`)
  REFERENCES `serlo`.`instance_permission` (`id`)
    ON DELETE CASCADE
    ON UPDATE CASCADE)
  ENGINE = InnoDB;


-- -----------------------------------------------------
-- Table `serlo`.`term_taxonomy_entity`
-- -----------------------------------------------------
DROP TABLE IF EXISTS `serlo`.`term_taxonomy_entity` ;

CREATE TABLE IF NOT EXISTS `serlo`.`term_taxonomy_entity` (
  `id` BIGINT NOT NULL AUTO_INCREMENT,
  `entity_id` BIGINT NOT NULL,
  `term_taxonomy_id` BIGINT NOT NULL,
  `position` SMALLINT NOT NULL DEFAULT 0,
  PRIMARY KEY (`id`),
  INDEX `fk_entity_has_term_taxonomy_term_taxonomy1_idx` (`term_taxonomy_id` ASC),
  INDEX `fk_entity_has_term_taxonomy_entity1_idx` (`entity_id` ASC),
  UNIQUE INDEX `entity_id_UNIQUE` (`entity_id` ASC, `term_taxonomy_id` ASC),
  CONSTRAINT `fk_entity_has_term_taxonomy_entity1`
  FOREIGN KEY (`entity_id`)
  REFERENCES `serlo`.`entity` (`id`)
    ON DELETE CASCADE
    ON UPDATE CASCADE,
  CONSTRAINT `fk_entity_has_term_taxonomy_term_taxonomy1`
  FOREIGN KEY (`term_taxonomy_id`)
  REFERENCES `serlo`.`term_taxonomy` (`id`)
    ON DELETE CASCADE
    ON UPDATE CASCADE)
  ENGINE = InnoDB;


-- -----------------------------------------------------
-- Table `serlo`.`comment`
-- -----------------------------------------------------
DROP TABLE IF EXISTS `serlo`.`comment` ;

CREATE TABLE IF NOT EXISTS `serlo`.`comment` (
  `id` BIGINT NOT NULL,
  `instance_id` INT NOT NULL,
  `author_id` BIGINT NOT NULL,
  `date` TIMESTAMP NOT NULL DEFAULT CURRENT_TIMESTAMP,
  `archived` TINYINT(1) NOT NULL DEFAULT FALSE,
  `uuid_id` BIGINT NULL,
  `parent_id` BIGINT NULL,
  `title` VARCHAR(255) NULL,
  `content` LONGTEXT NULL,
  PRIMARY KEY (`id`),
  INDEX `fk_comment_uuid_idx` (`id` ASC),
  INDEX `fk_comment_language1_idx` (`instance_id` ASC),
  INDEX `fk_comment_uuid2_idx` (`uuid_id` ASC),
  INDEX `fk_comment_user1_idx` (`author_id` ASC),
  INDEX `fk_comment_comment1_idx` (`parent_id` ASC),
  CONSTRAINT `fk_comment_uuid1`
  FOREIGN KEY (`id`)
  REFERENCES `serlo`.`uuid` (`id`)
    ON DELETE CASCADE
    ON UPDATE CASCADE,
  CONSTRAINT `fk_comment_language1`
  FOREIGN KEY (`instance_id`)
  REFERENCES `serlo`.`instance` (`id`)
    ON DELETE CASCADE
    ON UPDATE CASCADE,
  CONSTRAINT `fk_comment_uuid2`
  FOREIGN KEY (`uuid_id`)
  REFERENCES `serlo`.`uuid` (`id`)
    ON DELETE CASCADE
    ON UPDATE CASCADE,
  CONSTRAINT `fk_comment_user1`
  FOREIGN KEY (`author_id`)
  REFERENCES `serlo`.`user` (`id`)
    ON DELETE CASCADE
    ON UPDATE CASCADE,
  CONSTRAINT `fk_comment_comment1`
  FOREIGN KEY (`parent_id`)
  REFERENCES `serlo`.`comment` (`id`)
    ON DELETE CASCADE
    ON UPDATE CASCADE)
  ENGINE = InnoDB;


-- -----------------------------------------------------
-- Table `serlo`.`page_repository_role`
-- -----------------------------------------------------
DROP TABLE IF EXISTS `serlo`.`page_repository_role` ;

CREATE TABLE IF NOT EXISTS `serlo`.`page_repository_role` (
  `page_repository_id` BIGINT NOT NULL,
  `role_id` INT(11) NOT NULL,
  PRIMARY KEY (`page_repository_id`, `role_id`),
  INDEX `fk_page_repository_has_role_role2_idx` (`role_id` ASC),
  INDEX `fk_page_repository_has_role_page_repository1_idx` (`page_repository_id` ASC),
  CONSTRAINT `fk_page_repository_has_role_page_repository1`
  FOREIGN KEY (`page_repository_id`)
  REFERENCES `serlo`.`page_repository` (`id`)
    ON DELETE CASCADE
    ON UPDATE CASCADE,
  CONSTRAINT `fk_page_repository_has_role_role2`
  FOREIGN KEY (`role_id`)
  REFERENCES `serlo`.`role` (`id`)
    ON DELETE CASCADE
    ON UPDATE CASCADE)
  ENGINE = InnoDB;


-- -----------------------------------------------------
-- Table `serlo`.`event`
-- -----------------------------------------------------
DROP TABLE IF EXISTS `serlo`.`event` ;

CREATE TABLE IF NOT EXISTS `serlo`.`event` (
  `id` INT NOT NULL AUTO_INCREMENT,
  `name` VARCHAR(255) NOT NULL,
  `description` TEXT NULL,
  PRIMARY KEY (`id`),
  UNIQUE INDEX `name_UNIQUE` (`name` ASC))
  ENGINE = InnoDB;


-- -----------------------------------------------------
-- Table `serlo`.`event_log`
-- -----------------------------------------------------
DROP TABLE IF EXISTS `serlo`.`event_log` ;

CREATE TABLE IF NOT EXISTS `serlo`.`event_log` (
  `id` BIGINT NOT NULL AUTO_INCREMENT,
  `actor_id` BIGINT NOT NULL,
  `event_id` INT NOT NULL,
  `uuid_id` BIGINT NOT NULL,
  `instance_id` INT NOT NULL,
  `date` TIMESTAMP NOT NULL DEFAULT CURRENT_TIMESTAMP,
  PRIMARY KEY (`id`),
  INDEX `fk_event_fired_event1_idx` (`event_id` ASC),
  INDEX `fk_event_log_uuid1_idx` (`uuid_id` ASC),
  INDEX `fk_event_log_language1_idx` (`instance_id` ASC),
  INDEX `fk_event_log_user1_idx` (`actor_id` ASC),
  CONSTRAINT `fk_event_fired_event1`
  FOREIGN KEY (`event_id`)
  REFERENCES `serlo`.`event` (`id`)
    ON DELETE CASCADE
    ON UPDATE CASCADE,
  CONSTRAINT `fk_event_log_uuid1`
  FOREIGN KEY (`uuid_id`)
  REFERENCES `serlo`.`uuid` (`id`)
    ON DELETE CASCADE
    ON UPDATE CASCADE,
  CONSTRAINT `fk_event_log_language1`
  FOREIGN KEY (`instance_id`)
  REFERENCES `serlo`.`instance` (`id`)
    ON DELETE CASCADE
    ON UPDATE CASCADE,
  CONSTRAINT `fk_event_log_user1`
  FOREIGN KEY (`actor_id`)
  REFERENCES `serlo`.`user` (`id`)
    ON DELETE CASCADE
    ON UPDATE CASCADE)
  ENGINE = InnoDB;


-- -----------------------------------------------------
-- Table `serlo`.`notification`
-- -----------------------------------------------------
DROP TABLE IF EXISTS `serlo`.`notification` ;

CREATE TABLE IF NOT EXISTS `serlo`.`notification` (
  `id` INT NOT NULL AUTO_INCREMENT,
  `user_id` BIGINT NOT NULL,
  `seen` TINYINT(1) NOT NULL DEFAULT FALSE,
  `date` TIMESTAMP NOT NULL DEFAULT CURRENT_TIMESTAMP,
  PRIMARY KEY (`id`),
  INDEX `fk_notification_user1_idx` (`user_id` ASC),
  CONSTRAINT `fk_notification_user1`
  FOREIGN KEY (`user_id`)
  REFERENCES `serlo`.`user` (`id`)
    ON DELETE CASCADE
    ON UPDATE CASCADE)
  ENGINE = InnoDB;


-- -----------------------------------------------------
-- Table `serlo`.`subscription`
-- -----------------------------------------------------
DROP TABLE IF EXISTS `serlo`.`subscription` ;

CREATE TABLE IF NOT EXISTS `serlo`.`subscription` (
  `id` INT NOT NULL AUTO_INCREMENT,
  `uuid_id` BIGINT NOT NULL,
  `user_id` BIGINT NOT NULL,
  `notify_mailman` TINYINT(1) NOT NULL DEFAULT FALSE,
  `date` TIMESTAMP NOT NULL DEFAULT CURRENT_TIMESTAMP,
  PRIMARY KEY (`id`),
  INDEX `fk_subscription_uuid1_idx` (`uuid_id` ASC),
  INDEX `fk_subscription_user1_idx` (`user_id` ASC),
  UNIQUE INDEX `uuid_id_UNIQUE` (`uuid_id` ASC, `user_id` ASC),
  CONSTRAINT `fk_subscription_uuid1`
  FOREIGN KEY (`uuid_id`)
  REFERENCES `serlo`.`uuid` (`id`)
    ON DELETE CASCADE
    ON UPDATE CASCADE,
  CONSTRAINT `fk_subscription_user1`
  FOREIGN KEY (`user_id`)
  REFERENCES `serlo`.`user` (`id`)
    ON DELETE CASCADE
    ON UPDATE CASCADE)
  ENGINE = InnoDB;


-- -----------------------------------------------------
-- Table `serlo`.`url_alias`
-- -----------------------------------------------------
DROP TABLE IF EXISTS `serlo`.`url_alias` ;

CREATE TABLE IF NOT EXISTS `serlo`.`url_alias` (
  `id` INT NOT NULL AUTO_INCREMENT,
  `instance_id` INT NOT NULL,
  `uuid_id` BIGINT NOT NULL,
  `source` VARCHAR(255) NOT NULL,
  `alias` VARCHAR(255) NOT NULL,
  `timestamp` TIMESTAMP NOT NULL DEFAULT CURRENT_TIMESTAMP,
  PRIMARY KEY (`id`),
  UNIQUE INDEX `alias_UNIQUE` (`alias` ASC, `instance_id` ASC),
  INDEX `fk_url_alias_language1_idx` (`instance_id` ASC),
  INDEX `fk_url_alias_uuid1_idx` (`uuid_id` ASC),
  CONSTRAINT `fk_url_alias_language1`
  FOREIGN KEY (`instance_id`)
  REFERENCES `serlo`.`instance` (`id`)
    ON DELETE CASCADE
    ON UPDATE CASCADE,
  CONSTRAINT `fk_url_alias_uuid1`
  FOREIGN KEY (`uuid_id`)
  REFERENCES `serlo`.`uuid` (`id`)
    ON DELETE CASCADE
    ON UPDATE CASCADE)
  ENGINE = InnoDB;


-- -----------------------------------------------------
-- Table `serlo`.`comment_vote`
-- -----------------------------------------------------
DROP TABLE IF EXISTS `serlo`.`comment_vote` ;

CREATE TABLE IF NOT EXISTS `serlo`.`comment_vote` (
  `id` INT NOT NULL AUTO_INCREMENT,
  `comment_id` BIGINT NOT NULL,
  `user_id` BIGINT NOT NULL,
  `vote` TINYINT NOT NULL DEFAULT 1,
  PRIMARY KEY (`id`),
  INDEX `fk_comment_has_user_user1_idx` (`user_id` ASC),
  INDEX `fk_comment_has_user_comment1_idx` (`comment_id` ASC),
  UNIQUE INDEX `comment_id_UNIQUE` (`comment_id` ASC, `user_id` ASC),
  CONSTRAINT `fk_comment_has_user_comment1`
  FOREIGN KEY (`comment_id`)
  REFERENCES `serlo`.`comment` (`id`)
    ON DELETE CASCADE
    ON UPDATE CASCADE,
  CONSTRAINT `fk_comment_has_user_user1`
  FOREIGN KEY (`user_id`)
  REFERENCES `serlo`.`user` (`id`)
    ON DELETE CASCADE
    ON UPDATE CASCADE)
  ENGINE = InnoDB;


-- -----------------------------------------------------
-- Table `serlo`.`term_taxonomy_comment`
-- -----------------------------------------------------
DROP TABLE IF EXISTS `serlo`.`term_taxonomy_comment` ;

CREATE TABLE IF NOT EXISTS `serlo`.`term_taxonomy_comment` (
  `id` BIGINT NOT NULL AUTO_INCREMENT,
  `comment_id` BIGINT NOT NULL,
  `term_taxonomy_id` BIGINT NOT NULL,
  PRIMARY KEY (`id`),
  INDEX `fk_comment_has_term_taxonomy_term_taxonomy2_idx` (`term_taxonomy_id` ASC),
  INDEX `fk_comment_has_term_taxonomy_comment2_idx` (`comment_id` ASC),
  UNIQUE INDEX `comment_id_UNIQUE` (`comment_id` ASC, `term_taxonomy_id` ASC),
  CONSTRAINT `fk_comment_has_term_taxonomy_comment2`
  FOREIGN KEY (`comment_id`)
  REFERENCES `serlo`.`comment` (`id`)
    ON DELETE CASCADE
    ON UPDATE CASCADE,
  CONSTRAINT `fk_comment_has_term_taxonomy_term_taxonomy2`
  FOREIGN KEY (`term_taxonomy_id`)
  REFERENCES `serlo`.`term_taxonomy` (`id`)
    ON DELETE CASCADE
    ON UPDATE CASCADE)
  ENGINE = InnoDB;


-- -----------------------------------------------------
-- Table `serlo`.`related_content_container`
-- -----------------------------------------------------
DROP TABLE IF EXISTS `serlo`.`related_content_container` ;

CREATE TABLE IF NOT EXISTS `serlo`.`related_content_container` (
  `id` BIGINT NOT NULL,
  PRIMARY KEY (`id`),
  INDEX `fk_related_uuid1_idx` (`id` ASC),
  CONSTRAINT `fk_related_uuid1`
  FOREIGN KEY (`id`)
  REFERENCES `serlo`.`uuid` (`id`)
    ON DELETE CASCADE
    ON UPDATE CASCADE)
  ENGINE = InnoDB;


-- -----------------------------------------------------
-- Table `serlo`.`related_content`
-- -----------------------------------------------------
DROP TABLE IF EXISTS `serlo`.`related_content` ;

CREATE TABLE IF NOT EXISTS `serlo`.`related_content` (
  `id` INT NOT NULL AUTO_INCREMENT,
  `container_id` BIGINT NOT NULL,
  `position` INT NOT NULL DEFAULT 0,
  PRIMARY KEY (`id`),
  INDEX `fk_related_content_related_content_container1_idx` (`container_id` ASC),
  CONSTRAINT `fk_related_content_related_content_container1`
  FOREIGN KEY (`container_id`)
  REFERENCES `serlo`.`related_content_container` (`id`)
    ON DELETE CASCADE
    ON UPDATE CASCADE)
  ENGINE = InnoDB;


-- -----------------------------------------------------
-- Table `serlo`.`related_content_internal`
-- -----------------------------------------------------
DROP TABLE IF EXISTS `serlo`.`related_content_internal` ;

CREATE TABLE IF NOT EXISTS `serlo`.`related_content_internal` (
  `id` INT NOT NULL,
  `reference_id` BIGINT NOT NULL,
  `title` VARCHAR(255) NOT NULL,
  PRIMARY KEY (`id`),
  INDEX `fk_related_internal_uuid1_idx` (`reference_id` ASC),
  INDEX `fk_related_content_internal_related_content1_idx` (`id` ASC),
  CONSTRAINT `fk_related_internal_uuid1`
  FOREIGN KEY (`reference_id`)
  REFERENCES `serlo`.`uuid` (`id`)
    ON DELETE CASCADE
    ON UPDATE CASCADE,
  CONSTRAINT `fk_related_content_internal_related_content1`
  FOREIGN KEY (`id`)
  REFERENCES `serlo`.`related_content` (`id`)
    ON DELETE CASCADE
    ON UPDATE CASCADE)
  ENGINE = InnoDB;


-- -----------------------------------------------------
-- Table `serlo`.`related_content_external`
-- -----------------------------------------------------
DROP TABLE IF EXISTS `serlo`.`related_content_external` ;

CREATE TABLE IF NOT EXISTS `serlo`.`related_content_external` (
  `id` INT NOT NULL,
  `url` VARCHAR(255) NOT NULL,
  `title` VARCHAR(255) NOT NULL,
  PRIMARY KEY (`id`),
  INDEX `fk_related_content_external_related_content1_idx` (`id` ASC),
  CONSTRAINT `fk_related_content_external_related_content1`
  FOREIGN KEY (`id`)
  REFERENCES `serlo`.`related_content` (`id`)
    ON DELETE CASCADE
    ON UPDATE CASCADE)
  ENGINE = InnoDB;


-- -----------------------------------------------------
-- Table `serlo`.`related_content_category`
-- -----------------------------------------------------
DROP TABLE IF EXISTS `serlo`.`related_content_category` ;

CREATE TABLE IF NOT EXISTS `serlo`.`related_content_category` (
  `id` INT NOT NULL,
  `name` VARCHAR(255) NOT NULL,
  PRIMARY KEY (`id`),
  INDEX `fk_related_content_category_related_content1_idx` (`id` ASC),
  CONSTRAINT `fk_related_content_category_related_content1`
  FOREIGN KEY (`id`)
  REFERENCES `serlo`.`related_content` (`id`)
    ON DELETE CASCADE
    ON UPDATE CASCADE)
  ENGINE = InnoDB;


-- -----------------------------------------------------
-- Table `serlo`.`context`
-- -----------------------------------------------------
DROP TABLE IF EXISTS `serlo`.`context` ;

CREATE TABLE IF NOT EXISTS `serlo`.`context` (
  `id` INT NOT NULL AUTO_INCREMENT,
  `uuid_id` BIGINT NOT NULL,
  `type_id` INT NOT NULL,
  `instance_id` INT NOT NULL,
  `title` VARCHAR(255) NOT NULL,
  PRIMARY KEY (`id`),
  INDEX `fk_context_uuid1_idx` (`uuid_id` ASC),
  INDEX `fk_context_type1_idx` (`type_id` ASC),
  INDEX `fk_context_language1_idx` (`instance_id` ASC),
  CONSTRAINT `fk_context_uuid1`
  FOREIGN KEY (`uuid_id`)
  REFERENCES `serlo`.`uuid` (`id`)
    ON DELETE CASCADE
    ON UPDATE CASCADE,
  CONSTRAINT `fk_context_type1`
  FOREIGN KEY (`type_id`)
  REFERENCES `serlo`.`type` (`id`)
    ON DELETE CASCADE
    ON UPDATE CASCADE,
  CONSTRAINT `fk_context_language1`
  FOREIGN KEY (`instance_id`)
  REFERENCES `serlo`.`instance` (`id`)
    ON DELETE CASCADE
    ON UPDATE CASCADE)
  ENGINE = InnoDB;


-- -----------------------------------------------------
-- Table `serlo`.`context_route`
-- -----------------------------------------------------
DROP TABLE IF EXISTS `serlo`.`context_route` ;

CREATE TABLE IF NOT EXISTS `serlo`.`context_route` (
  `id` INT NOT NULL AUTO_INCREMENT,
  `context_id` INT NOT NULL,
  `route_name` VARCHAR(255) NOT NULL,
  PRIMARY KEY (`id`),
  INDEX `fk_context_route_context1_idx` (`context_id` ASC),
  CONSTRAINT `fk_context_route_context1`
  FOREIGN KEY (`context_id`)
  REFERENCES `serlo`.`context` (`id`)
    ON DELETE CASCADE
    ON UPDATE CASCADE)
  ENGINE = InnoDB;


-- -----------------------------------------------------
-- Table `serlo`.`context_route_parameter`
-- -----------------------------------------------------
DROP TABLE IF EXISTS `serlo`.`context_route_parameter` ;

CREATE TABLE IF NOT EXISTS `serlo`.`context_route_parameter` (
  `id` INT NOT NULL AUTO_INCREMENT,
  `context_route_id` INT NOT NULL,
  `key` VARCHAR(255) NOT NULL,
  `value` VARCHAR(255) NOT NULL,
  PRIMARY KEY (`id`),
  INDEX `fk_context_route_parameter_context_route1_idx` (`context_route_id` ASC),
  CONSTRAINT `fk_context_route_parameter_context_route1`
  FOREIGN KEY (`context_route_id`)
  REFERENCES `serlo`.`context_route` (`id`)
    ON DELETE CASCADE
    ON UPDATE CASCADE)
  ENGINE = InnoDB;


-- -----------------------------------------------------
-- Table `serlo`.`flag`
-- -----------------------------------------------------
DROP TABLE IF EXISTS `serlo`.`flag` ;

CREATE TABLE IF NOT EXISTS `serlo`.`flag` (
  `id` INT NOT NULL AUTO_INCREMENT,
  `uuid_id` BIGINT NOT NULL,
  `type_id` INT NOT NULL,
  `reporter_id` BIGINT NOT NULL,
  `instance_id` INT NOT NULL,
  `content` TEXT NOT NULL,
  `timestamp` TIMESTAMP NOT NULL DEFAULT CURRENT_TIMESTAMP,
  PRIMARY KEY (`id`),
  INDEX `fk_Flag_uuid1_idx` (`uuid_id` ASC),
  INDEX `fk_flag_user1_idx` (`reporter_id` ASC),
  INDEX `fk_flag_type1_idx` (`type_id` ASC),
  INDEX `fk_flag_language1_idx` (`instance_id` ASC),
  CONSTRAINT `fk_Flag_uuid1`
  FOREIGN KEY (`uuid_id`)
  REFERENCES `serlo`.`uuid` (`id`)
    ON DELETE CASCADE
    ON UPDATE CASCADE,
  CONSTRAINT `fk_flag_user1`
  FOREIGN KEY (`reporter_id`)
  REFERENCES `serlo`.`user` (`id`)
    ON DELETE CASCADE
    ON UPDATE CASCADE,
  CONSTRAINT `fk_flag_type1`
  FOREIGN KEY (`type_id`)
  REFERENCES `serlo`.`type` (`id`)
    ON DELETE CASCADE
    ON UPDATE CASCADE,
  CONSTRAINT `fk_flag_language1`
  FOREIGN KEY (`instance_id`)
  REFERENCES `serlo`.`instance` (`id`)
    ON DELETE CASCADE
    ON UPDATE CASCADE)
  ENGINE = InnoDB;


-- -----------------------------------------------------
-- Table `serlo`.`event_parameter_name`
-- -----------------------------------------------------
DROP TABLE IF EXISTS `serlo`.`event_parameter_name` ;

CREATE TABLE IF NOT EXISTS `serlo`.`event_parameter_name` (
  `id` INT NOT NULL AUTO_INCREMENT,
  `name` VARCHAR(255) NOT NULL,
  PRIMARY KEY (`id`))
  ENGINE = InnoDB;


-- -----------------------------------------------------
-- Table `serlo`.`event_parameter`
-- -----------------------------------------------------
DROP TABLE IF EXISTS `serlo`.`event_parameter` ;

CREATE TABLE IF NOT EXISTS `serlo`.`event_parameter` (
  `id` INT NOT NULL AUTO_INCREMENT,
  `log_id` BIGINT NOT NULL,
  `name_id` INT NOT NULL,
  PRIMARY KEY (`id`),
  INDEX `fk_event_parameter_event_log1_idx` (`log_id` ASC),
  INDEX `fk_event_parameter_event_parameter_name1_idx` (`name_id` ASC),
  UNIQUE INDEX `name_id_UNIQUE` (`name_id` ASC, `log_id` ASC),
  CONSTRAINT `fk_event_parameter_event_log1`
  FOREIGN KEY (`log_id`)
  REFERENCES `serlo`.`event_log` (`id`)
    ON DELETE CASCADE
    ON UPDATE CASCADE,
  CONSTRAINT `fk_event_parameter_event_parameter_name1`
  FOREIGN KEY (`name_id`)
  REFERENCES `serlo`.`event_parameter_name` (`id`)
    ON DELETE CASCADE
    ON UPDATE CASCADE)
  ENGINE = InnoDB;


-- -----------------------------------------------------
-- Table `serlo`.`notification_event`
-- -----------------------------------------------------
DROP TABLE IF EXISTS `serlo`.`notification_event` ;

CREATE TABLE IF NOT EXISTS `serlo`.`notification_event` (
  `id` INT NOT NULL AUTO_INCREMENT,
  `notification_id` INT NOT NULL,
  `event_log_id` BIGINT NOT NULL,
  PRIMARY KEY (`id`),
  INDEX `fk_notification_event_notification1_idx` (`notification_id` ASC),
  INDEX `fk_notification_event_event_log1_idx` (`event_log_id` ASC),
  CONSTRAINT `fk_notification_event_notification1`
  FOREIGN KEY (`notification_id`)
  REFERENCES `serlo`.`notification` (`id`)
    ON DELETE CASCADE
    ON UPDATE CASCADE,
  CONSTRAINT `fk_notification_event_event_log1`
  FOREIGN KEY (`event_log_id`)
  REFERENCES `serlo`.`event_log` (`id`)
    ON DELETE CASCADE
    ON UPDATE CASCADE)
  ENGINE = InnoDB;


-- -----------------------------------------------------
-- Table `serlo`.`metadata_key`
-- -----------------------------------------------------
DROP TABLE IF EXISTS `serlo`.`metadata_key` ;

CREATE TABLE IF NOT EXISTS `serlo`.`metadata_key` (
  `id` INT NOT NULL AUTO_INCREMENT,
  `name` VARCHAR(255) NOT NULL,
  PRIMARY KEY (`id`),
  UNIQUE INDEX `key_UNIQUE` (`name` ASC))
  ENGINE = InnoDB;


-- -----------------------------------------------------
-- Table `serlo`.`metadata`
-- -----------------------------------------------------
DROP TABLE IF EXISTS `serlo`.`metadata` ;

CREATE TABLE IF NOT EXISTS `serlo`.`metadata` (
  `id` INT NOT NULL AUTO_INCREMENT,
  `uuid_id` BIGINT NOT NULL,
  `key_id` INT NOT NULL,
  `value` VARCHAR(255) NOT NULL,
  PRIMARY KEY (`id`),
  INDEX `fk_metadata_uuid1_idx` (`uuid_id` ASC),
  INDEX `fk_metadata_metadata_key1_idx` (`key_id` ASC),
  CONSTRAINT `fk_metadata_uuid1`
  FOREIGN KEY (`uuid_id`)
  REFERENCES `serlo`.`uuid` (`id`)
    ON DELETE CASCADE
    ON UPDATE CASCADE,
  CONSTRAINT `fk_metadata_metadata_key1`
  FOREIGN KEY (`key_id`)
  REFERENCES `serlo`.`metadata_key` (`id`)
    ON DELETE CASCADE
    ON UPDATE CASCADE)
  ENGINE = InnoDB;


-- -----------------------------------------------------
-- Table `serlo`.`ad`
-- -----------------------------------------------------
DROP TABLE IF EXISTS `serlo`.`ad` ;

CREATE TABLE IF NOT EXISTS `serlo`.`ad` (
  `id` INT NOT NULL AUTO_INCREMENT,
  `instance_id` INT NOT NULL,
  `image_id` BIGINT NOT NULL,
  `author_id` BIGINT NOT NULL,
  `title` VARCHAR(255) NOT NULL,
  `content` TEXT NOT NULL,
  `frequency` FLOAT NOT NULL DEFAULT 1,
  `clicks` INT NOT NULL DEFAULT 0,
  `url` VARCHAR(255) NOT NULL,
  PRIMARY KEY (`id`),
  INDEX `fk_ads_language1_idx` (`instance_id` ASC),
  INDEX `fk_ads_upload1_idx` (`image_id` ASC),
  INDEX `fk_ads_user1_idx` (`author_id` ASC),
  CONSTRAINT `fk_ads_language1`
  FOREIGN KEY (`instance_id`)
  REFERENCES `serlo`.`instance` (`id`)
    ON DELETE CASCADE
    ON UPDATE CASCADE,
  CONSTRAINT `fk_ads_upload1`
  FOREIGN KEY (`image_id`)
  REFERENCES `serlo`.`attachment_container` (`id`)
    ON DELETE CASCADE
    ON UPDATE CASCADE,
  CONSTRAINT `fk_ads_user1`
  FOREIGN KEY (`author_id`)
  REFERENCES `serlo`.`user` (`id`)
    ON DELETE CASCADE
    ON UPDATE CASCADE)
  ENGINE = InnoDB;


-- -----------------------------------------------------
-- Table `serlo`.`attachment_file`
-- -----------------------------------------------------
DROP TABLE IF EXISTS `serlo`.`attachment_file` ;

CREATE TABLE IF NOT EXISTS `serlo`.`attachment_file` (
  `id` INT NOT NULL AUTO_INCREMENT,
  `attachment_id` BIGINT NOT NULL,
  `size` INT NOT NULL,
  `location` VARCHAR(255) NOT NULL,
  `name` VARCHAR(255) NOT NULL,
  `type` VARCHAR(40) NOT NULL,
  `timestamp` TIMESTAMP NOT NULL DEFAULT CURRENT_TIMESTAMP,
  PRIMARY KEY (`id`),
  INDEX `fk_attachement_file_attachment1_idx` (`attachment_id` ASC),
  CONSTRAINT `fk_attachement_file_attachment1`
  FOREIGN KEY (`attachment_id`)
  REFERENCES `serlo`.`attachment_container` (`id`)
    ON DELETE CASCADE
    ON UPDATE CASCADE)
  ENGINE = InnoDB;


-- -----------------------------------------------------
-- Table `serlo`.`event_parameter_uuid`
-- -----------------------------------------------------
DROP TABLE IF EXISTS `serlo`.`event_parameter_uuid` ;

CREATE TABLE IF NOT EXISTS `serlo`.`event_parameter_uuid` (
  `id` INT NOT NULL AUTO_INCREMENT,
  `uuid_id` BIGINT NOT NULL,
  `event_parameter_id` INT NOT NULL,
  PRIMARY KEY (`id`),
  INDEX `fk_table1_uuid1_idx` (`uuid_id` ASC),
  INDEX `fk_event_parameter_uuid_event_parameter1_idx` (`event_parameter_id` ASC),
  CONSTRAINT `fk_table1_uuid1`
  FOREIGN KEY (`uuid_id`)
  REFERENCES `serlo`.`uuid` (`id`)
    ON DELETE CASCADE
    ON UPDATE CASCADE,
  CONSTRAINT `fk_event_parameter_uuid_event_parameter1`
  FOREIGN KEY (`event_parameter_id`)
  REFERENCES `serlo`.`event_parameter` (`id`)
    ON DELETE CASCADE
    ON UPDATE CASCADE)
  ENGINE = InnoDB;


-- -----------------------------------------------------
-- Table `serlo`.`event_parameter_string`
-- -----------------------------------------------------
DROP TABLE IF EXISTS `serlo`.`event_parameter_string` ;

CREATE TABLE IF NOT EXISTS `serlo`.`event_parameter_string` (
  `id` INT NOT NULL AUTO_INCREMENT,
  `event_parameter_id` INT NOT NULL,
  `value` TEXT NOT NULL,
  PRIMARY KEY (`id`),
  INDEX `fk_event_parameter_text_event_parameter1_idx` (`event_parameter_id` ASC),
  CONSTRAINT `fk_event_parameter_text_event_parameter1`
  FOREIGN KEY (`event_parameter_id`)
  REFERENCES `serlo`.`event_parameter` (`id`)
    ON DELETE CASCADE
    ON UPDATE CASCADE)
  ENGINE = InnoDB;


-- -----------------------------------------------------
-- Table `serlo`.`navigation_container`
-- -----------------------------------------------------
DROP TABLE IF EXISTS `serlo`.`navigation_container` ;

CREATE TABLE IF NOT EXISTS `serlo`.`navigation_container` (
  `id` INT NOT NULL AUTO_INCREMENT,
  `instance_id` INT NOT NULL,
  `type_id` INT NOT NULL,
  PRIMARY KEY (`id`),
  INDEX `fk_navigation_instance1_idx` (`instance_id` ASC),
  INDEX `fk_navigation_type1_idx` (`type_id` ASC),
  CONSTRAINT `fk_navigation_instance1`
  FOREIGN KEY (`instance_id`)
  REFERENCES `serlo`.`instance` (`id`)
    ON DELETE CASCADE
    ON UPDATE CASCADE,
  CONSTRAINT `fk_navigation_type1`
  FOREIGN KEY (`type_id`)
  REFERENCES `serlo`.`type` (`id`)
    ON DELETE CASCADE
    ON UPDATE CASCADE)
  ENGINE = InnoDB;


-- -----------------------------------------------------
-- Table `serlo`.`navigation_page`
-- -----------------------------------------------------
DROP TABLE IF EXISTS `serlo`.`navigation_page` ;

CREATE TABLE IF NOT EXISTS `serlo`.`navigation_page` (
  `id` INT NOT NULL AUTO_INCREMENT,
  `container_id` INT NOT NULL,
  `parent_id` INT NULL,
  `position` INT NULL DEFAULT 0,
  PRIMARY KEY (`id`),
  INDEX `fk_navigation_entry_navigation1_idx` (`container_id` ASC),
  INDEX `fk_navigation_entry_navigation_entry1_idx` (`parent_id` ASC),
  CONSTRAINT `fk_navigation_entry_navigation1`
  FOREIGN KEY (`container_id`)
  REFERENCES `serlo`.`navigation_container` (`id`)
    ON DELETE CASCADE
    ON UPDATE CASCADE,
  CONSTRAINT `fk_navigation_entry_navigation_entry1`
  FOREIGN KEY (`parent_id`)
  REFERENCES `serlo`.`navigation_page` (`id`)
    ON DELETE CASCADE
    ON UPDATE CASCADE)
  ENGINE = InnoDB;


-- -----------------------------------------------------
-- Table `serlo`.`navigation_parameter_key`
-- -----------------------------------------------------
DROP TABLE IF EXISTS `serlo`.`navigation_parameter_key` ;

CREATE TABLE IF NOT EXISTS `serlo`.`navigation_parameter_key` (
  `id` INT NOT NULL AUTO_INCREMENT,
  `name` VARCHAR(255) NOT NULL,
  PRIMARY KEY (`id`))
  ENGINE = InnoDB;


-- -----------------------------------------------------
-- Table `serlo`.`navigation_parameter`
-- -----------------------------------------------------
DROP TABLE IF EXISTS `serlo`.`navigation_parameter` ;

CREATE TABLE IF NOT EXISTS `serlo`.`navigation_parameter` (
  `id` INT NOT NULL AUTO_INCREMENT,
  `page_id` INT NOT NULL,
  `key_id` INT NULL,
  `parent_id` INT NULL,
  `value` VARCHAR(255) NULL,
  PRIMARY KEY (`id`),
  INDEX `fk_navigation_parameter_navigation_parameter1_idx` (`parent_id` ASC),
  INDEX `fk_navigation_parameter_navigation_entry1_idx` (`page_id` ASC),
  INDEX `fk_navigation_parameter_navigation_parameter_key1_idx` (`key_id` ASC),
  CONSTRAINT `fk_navigation_parameter_navigation_parameter1`
  FOREIGN KEY (`parent_id`)
  REFERENCES `serlo`.`navigation_parameter` (`id`)
    ON DELETE CASCADE
    ON UPDATE CASCADE,
  CONSTRAINT `fk_navigation_parameter_navigation_entry1`
  FOREIGN KEY (`page_id`)
  REFERENCES `serlo`.`navigation_page` (`id`)
    ON DELETE CASCADE
    ON UPDATE CASCADE,
  CONSTRAINT `fk_navigation_parameter_navigation_parameter_key1`
  FOREIGN KEY (`key_id`)
  REFERENCES `serlo`.`navigation_parameter_key` (`id`)
    ON DELETE CASCADE
    ON UPDATE CASCADE)
  ENGINE = InnoDB;


-- -----------------------------------------------------
-- Table `serlo`.`role_inheritance`
-- -----------------------------------------------------
DROP TABLE IF EXISTS `serlo`.`role_inheritance` ;

CREATE TABLE IF NOT EXISTS `serlo`.`role_inheritance` (
  `role_id` INT(11) NOT NULL,
  `child_id` INT(11) NOT NULL,
  PRIMARY KEY (`role_id`, `child_id`),
  INDEX `fk_role_has_role_role2_idx` (`child_id` ASC),
  INDEX `fk_role_has_role_role1_idx` (`role_id` ASC),
  CONSTRAINT `fk_role_has_role_role1`
  FOREIGN KEY (`role_id`)
  REFERENCES `serlo`.`role` (`id`)
    ON DELETE CASCADE
    ON UPDATE CASCADE,
  CONSTRAINT `fk_role_has_role_role2`
  FOREIGN KEY (`child_id`)
  REFERENCES `serlo`.`role` (`id`)
    ON DELETE CASCADE
    ON UPDATE CASCADE)
  ENGINE = InnoDB;


-- -----------------------------------------------------
-- Table `serlo`.`ad_page`
-- -----------------------------------------------------
DROP TABLE IF EXISTS `serlo`.`ad_page` ;

CREATE TABLE IF NOT EXISTS `serlo`.`ad_page` (
  `instance_id` INT NOT NULL,
  `page_repository_id` BIGINT NOT NULL,
  PRIMARY KEY (`instance_id`, `page_repository_id`),
  INDEX `fk_ads__page_repository1_idx` (`page_repository_id` ASC),
  UNIQUE INDEX `instance_id_UNIQUE` (`instance_id` ASC),
  UNIQUE INDEX `page_repository_id_UNIQUE` (`page_repository_id` ASC),
  CONSTRAINT `fk_ads__instance1`
  FOREIGN KEY (`instance_id`)
  REFERENCES `serlo`.`instance` (`id`)
    ON DELETE NO ACTION
    ON UPDATE NO ACTION,
  CONSTRAINT `fk_ads__page_repository1`
  FOREIGN KEY (`page_repository_id`)
  REFERENCES `serlo`.`page_repository` (`id`)
    ON DELETE NO ACTION
    ON UPDATE NO ACTION)
  ENGINE = InnoDB;


-- -----------------------------------------------------
-- Table `serlo`.`session`
-- -----------------------------------------------------
DROP TABLE IF EXISTS `serlo`.`session` ;

CREATE TABLE IF NOT EXISTS `serlo`.`session` (
  `id` VARCHAR(35) NOT NULL,
  `name` VARCHAR(35) NOT NULL,
  `modified` INT NOT NULL,
  `lifetime` INT NOT NULL,
  `data` TEXT NOT NULL,
  PRIMARY KEY (`id`, `name`))
  ENGINE = InnoDB;


-- -----------------------------------------------------
-- Data for table `serlo`.`language`
-- -----------------------------------------------------
START TRANSACTION;
USE `serlo`;
INSERT INTO `serlo`.`language` (`id`, `code`, `name`, `locale`) VALUES (1, 'de', 'Deutsch', 'de_DE');
INSERT INTO `serlo`.`language` (`id`, `code`, `name`, `locale`) VALUES (2, 'en', 'English', 'en_GB');

COMMIT;


-- -----------------------------------------------------
-- Data for table `serlo`.`instance`
-- -----------------------------------------------------
START TRANSACTION;
USE `serlo`;
INSERT INTO `serlo`.`instance` (`id`, `language_id`, `name`, `subdomain`) VALUES (1, 1, 'Deutsch', 'de');
INSERT INTO `serlo`.`instance` (`id`, `language_id`, `name`, `subdomain`) VALUES (2, 2, 'English', 'en');

COMMIT;


-- -----------------------------------------------------
-- Data for table `serlo`.`role`
-- -----------------------------------------------------
START TRANSACTION;
USE `serlo`;
INSERT INTO `serlo`.`role` (`id`, `name`, `description`) VALUES (1, 'guest', NULL);
INSERT INTO `serlo`.`role` (`id`, `name`, `description`) VALUES (2, 'login', NULL);
INSERT INTO `serlo`.`role` (`id`, `name`, `description`) VALUES (3, 'german_reviewer', NULL);
INSERT INTO `serlo`.`role` (`id`, `name`, `description`) VALUES (4, 'german_helper', NULL);
INSERT INTO `serlo`.`role` (`id`, `name`, `description`) VALUES (5, 'german_admin', NULL);
INSERT INTO `serlo`.`role` (`id`, `name`, `description`) VALUES (6, 'german_horizonhelper', NULL);
INSERT INTO `serlo`.`role` (`id`, `name`, `description`) VALUES (7, 'german_moderator', NULL);
INSERT INTO `serlo`.`role` (`id`, `name`, `description`) VALUES (8, 'german_ambassador', NULL);
INSERT INTO `serlo`.`role` (`id`, `name`, `description`) VALUES (9, 'german_langhelper', NULL);
INSERT INTO `serlo`.`role` (`id`, `name`, `description`) VALUES (10, 'german_langadmin', NULL);
INSERT INTO `serlo`.`role` (`id`, `name`, `description`) VALUES (11, 'sysadmin', NULL);

COMMIT;


-- -----------------------------------------------------
-- Data for table `serlo`.`uuid`
-- -----------------------------------------------------
START TRANSACTION;
USE `serlo`;
INSERT INTO `serlo`.`uuid` (`id`, `trashed`, `discriminator`) VALUES (1, 0, 'user');
INSERT INTO `serlo`.`uuid` (`id`, `trashed`, `discriminator`) VALUES (2, 0, 'user');
INSERT INTO `serlo`.`uuid` (`id`, `trashed`, `discriminator`) VALUES (3, 0, 'taxonomyTerm');
INSERT INTO `serlo`.`uuid` (`id`, `trashed`, `discriminator`) VALUES (4, 0, 'taxonomyTerm');
INSERT INTO `serlo`.`uuid` (`id`, `trashed`, `discriminator`) VALUES (5, 0, 'taxonomyTerm');
INSERT INTO `serlo`.`uuid` (`id`, `trashed`, `discriminator`) VALUES (6, 0, 'user');
INSERT INTO `serlo`.`uuid` (`id`, `trashed`, `discriminator`) VALUES (7, 0, 'taxonomyTerm');
INSERT INTO `serlo`.`uuid` (`id`, `trashed`, `discriminator`) VALUES (8, 0, 'taxonomyTerm');

COMMIT;


-- -----------------------------------------------------
-- Data for table `serlo`.`type`
-- -----------------------------------------------------
START TRANSACTION;
USE `serlo`;
INSERT INTO `serlo`.`type` (`id`, `name`) VALUES (1, 'text-exercise');
INSERT INTO `serlo`.`type` (`id`, `name`) VALUES (2, 'text-solution');
INSERT INTO `serlo`.`type` (`id`, `name`) VALUES (3, 'article');
INSERT INTO `serlo`.`type` (`id`, `name`) VALUES (4, 'text-exercise-group');
INSERT INTO `serlo`.`type` (`id`, `name`) VALUES (5, 'grouped-text-exercise');
INSERT INTO `serlo`.`type` (`id`, `name`) VALUES (6, 'video');
INSERT INTO `serlo`.`type` (`id`, `name`) VALUES (7, 'module');
INSERT INTO `serlo`.`type` (`id`, `name`) VALUES (8, 'module-page');
INSERT INTO `serlo`.`type` (`id`, `name`) VALUES (9, 'link');
INSERT INTO `serlo`.`type` (`id`, `name`) VALUES (10, 'dependency');
INSERT INTO `serlo`.`type` (`id`, `name`) VALUES (11, 'topic');
INSERT INTO `serlo`.`type` (`id`, `name`) VALUES (12, 'topic-folder');
INSERT INTO `serlo`.`type` (`id`, `name`) VALUES (13, 'subject');
INSERT INTO `serlo`.`type` (`id`, `name`) VALUES (14, 'curriculum');
INSERT INTO `serlo`.`type` (`id`, `name`) VALUES (15, 'locale');
INSERT INTO `serlo`.`type` (`id`, `name`) VALUES (16, 'curriculum-topic');
INSERT INTO `serlo`.`type` (`id`, `name`) VALUES (17, 'root');
INSERT INTO `serlo`.`type` (`id`, `name`) VALUES (18, 'forum-category');
INSERT INTO `serlo`.`type` (`id`, `name`) VALUES (19, 'forum');
INSERT INTO `serlo`.`type` (`id`, `name`) VALUES (20, 'blog');
INSERT INTO `serlo`.`type` (`id`, `name`) VALUES (21, 'spam');
INSERT INTO `serlo`.`type` (`id`, `name`) VALUES (22, 'offensive');
INSERT INTO `serlo`.`type` (`id`, `name`) VALUES (23, 'other');
INSERT INTO `serlo`.`type` (`id`, `name`) VALUES (24, 'help');
INSERT INTO `serlo`.`type` (`id`, `name`) VALUES (25, 'guideline');
INSERT INTO `serlo`.`type` (`id`, `name`) VALUES (26, 'file');
INSERT INTO `serlo`.`type` (`id`, `name`) VALUES (27, 'geogebra');
INSERT INTO `serlo`.`type` (`id`, `name`) VALUES (28, 'default');
INSERT INTO `serlo`.`type` (`id`, `name`) VALUES (29, 'footer');
INSERT INTO `serlo`.`type` (`id`, `name`) VALUES (30, 'top-center');
INSERT INTO `serlo`.`type` (`id`, `name`) VALUES (31, 'top-left');
INSERT INTO `serlo`.`type` (`id`, `name`) VALUES (32, 'top-right');
INSERT INTO `serlo`.`type` (`id`, `name`) VALUES (33, 'curriculum-topic-folder');

COMMIT;


-- -----------------------------------------------------
-- Data for table `serlo`.`user`
-- -----------------------------------------------------
START TRANSACTION;
USE `serlo`;
INSERT INTO `serlo`.`user` (`id`, `email`, `username`, `password`, `logins`, `date`, `ads_enabled`, `token`, `last_login`, `avatar_id`, `description`) VALUES (1, 'aeneas@q-mail.me', 'arekkas', '37fe351ad34e2398b82f97295c3817ba02dd8e1d5777e8467a', 486, NULL, 0, '1234', NULL, NULL, NULL);
INSERT INTO `serlo`.`user` (`id`, `email`, `username`, `password`, `logins`, `date`, `ads_enabled`, `token`, `last_login`, `avatar_id`, `description`) VALUES (2, 'dev@serlo.org', 'devuser', '8a534960a8a4c8e348150a0ae3c7f4b857bfead4f02c8cbf0d', 0, NULL, 0, '12345', NULL, NULL, NULL);
INSERT INTO `serlo`.`user` (`id`, `email`, `username`, `password`, `logins`, `date`, `ads_enabled`, `token`, `last_login`, `avatar_id`, `description`) VALUES (6, 'legacy@serlo.org', 'Legacy', '8a534960a8a4c8e348150a0ae3c7f4b857bfead4f02c8cbf0d', 0, NULL, 0, '7646', NULL, NULL, NULL);

COMMIT;


-- -----------------------------------------------------
-- Data for table `serlo`.`license`
-- -----------------------------------------------------
START TRANSACTION;
USE `serlo`;
INSERT INTO `serlo`.`license` (`id`, `instance_id`, `default`, `agreement`, `title`, `url`, `content`, `icon_href`) VALUES (1, 1, 1, NULL, 'cc-by-sa-3.0', 'http://creativecommons.org/licenses/by-sa/3.0/', 'cc-by-sa erklrt', 'http://mirrors.creativecommons.org/presskit/icons/cc.large.png');
INSERT INTO `serlo`.`license` (`id`, `instance_id`, `default`, `agreement`, `title`, `url`, `content`, `icon_href`) VALUES (2, 1, NULL, NULL, 'Lizenzhinweis ISB Bayern', 'pls', 'pls', 'http://mirrors.creativecommons.org/presskit/icons/cc.large.png');
INSERT INTO `serlo`.`license` (`id`, `instance_id`, `default`, `agreement`, `title`, `url`, `content`, `icon_href`) VALUES (3, 1, NULL, NULL, 'Lizenzhinweis fr SMART', 'pls', 'pls', 'http://mirrors.creativecommons.org/presskit/icons/cc.large.png');
INSERT INTO `serlo`.`license` (`id`, `instance_id`, `default`, `agreement`, `title`, `url`, `content`, `icon_href`) VALUES (4, 1, NULL, NULL, 'Lizenzhinweis fr brinkmann-du', 'pls', 'pls', 'http://mirrors.creativecommons.org/presskit/icons/cc.large.png');
INSERT INTO `serlo`.`license` (`id`, `instance_id`, `default`, `agreement`, `title`, `url`, `content`, `icon_href`) VALUES (5, 1, NULL, NULL, 'Lizenzhinweis fr das BOS Intranet', 'pls', 'pls', 'http://mirrors.creativecommons.org/presskit/icons/cc.large.png');
INSERT INTO `serlo`.`license` (`id`, `instance_id`, `default`, `agreement`, `title`, `url`, `content`, `icon_href`) VALUES (6, 1, NULL, NULL, 'Lizenzhinweis fr Franz Strobl', 'pls', 'pls', 'http://mirrors.creativecommons.org/presskit/icons/cc.large.png');
INSERT INTO `serlo`.`license` (`id`, `instance_id`, `default`, `agreement`, `title`, `url`, `content`, `icon_href`) VALUES (7, 1, NULL, NULL, 'Lizenzhinweis fr Gnther Rasch', 'pls', 'pls', 'http://mirrors.creativecommons.org/presskit/icons/cc.large.png');
INSERT INTO `serlo`.`license` (`id`, `instance_id`, `default`, `agreement`, `title`, `url`, `content`, `icon_href`) VALUES (8, 1, NULL, NULL, 'Lizenzhinweis fr Thomas Unkelbach', 'pls', 'pls', 'http://mirrors.creativecommons.org/presskit/icons/cc.large.png');

COMMIT;


-- -----------------------------------------------------
-- Data for table `serlo`.`taxonomy`
-- -----------------------------------------------------
START TRANSACTION;
USE `serlo`;
INSERT INTO `serlo`.`taxonomy` (`id`, `type_id`, `instance_id`) VALUES (1, 17, 1);
INSERT INTO `serlo`.`taxonomy` (`id`, `type_id`, `instance_id`) VALUES (2, 18, 1);
INSERT INTO `serlo`.`taxonomy` (`id`, `type_id`, `instance_id`) VALUES (3, 13, 1);
INSERT INTO `serlo`.`taxonomy` (`id`, `type_id`, `instance_id`) VALUES (4, 11, 1);
INSERT INTO `serlo`.`taxonomy` (`id`, `type_id`, `instance_id`) VALUES (5, 20, 1);

COMMIT;


-- -----------------------------------------------------
-- Data for table `serlo`.`term`
-- -----------------------------------------------------
START TRANSACTION;
USE `serlo`;
INSERT INTO `serlo`.`term` (`id`, `instance_id`, `name`) VALUES (1, 1, 'Root');
INSERT INTO `serlo`.`term` (`id`, `instance_id`, `name`) VALUES (2, 1, 'Discussions');
INSERT INTO `serlo`.`term` (`id`, `instance_id`, `name`) VALUES (3, 1, 'Mathe');
INSERT INTO `serlo`.`term` (`id`, `instance_id`, `name`) VALUES (4, 1, 'Articles');
INSERT INTO `serlo`.`term` (`id`, `instance_id`, `name`) VALUES (5, 1, 'Deutsch');

COMMIT;


-- -----------------------------------------------------
-- Data for table `serlo`.`term_taxonomy`
-- -----------------------------------------------------
START TRANSACTION;
USE `serlo`;
INSERT INTO `serlo`.`term_taxonomy` (`id`, `taxonomy_id`, `term_id`, `parent_id`, `description`, `weight`) VALUES (3, 1, 1, NULL, NULL, NULL);
INSERT INTO `serlo`.`term_taxonomy` (`id`, `taxonomy_id`, `term_id`, `parent_id`, `description`, `weight`) VALUES (4, 2, 2, 3, NULL, NULL);
INSERT INTO `serlo`.`term_taxonomy` (`id`, `taxonomy_id`, `term_id`, `parent_id`, `description`, `weight`) VALUES (5, 3, 3, 3, NULL, NULL);
INSERT INTO `serlo`.`term_taxonomy` (`id`, `taxonomy_id`, `term_id`, `parent_id`, `description`, `weight`) VALUES (7, 4, 4, 5, 'Artikel aus Serlo1', NULL);
INSERT INTO `serlo`.`term_taxonomy` (`id`, `taxonomy_id`, `term_id`, `parent_id`, `description`, `weight`) VALUES (8, 5, 5, 3, NULL, NULL);

COMMIT;


-- -----------------------------------------------------
-- Data for table `serlo`.`role_user`
-- -----------------------------------------------------
START TRANSACTION;
USE `serlo`;
INSERT INTO `serlo`.`role_user` (`user_id`, `role_id`) VALUES (1, 11);
INSERT INTO `serlo`.`role_user` (`user_id`, `role_id`) VALUES (2, 11);
INSERT INTO `serlo`.`role_user` (`user_id`, `role_id`) VALUES (1, 2);
INSERT INTO `serlo`.`role_user` (`user_id`, `role_id`) VALUES (2, 2);
INSERT INTO `serlo`.`role_user` (`user_id`, `role_id`) VALUES (6, 2);
INSERT INTO `serlo`.`role_user` (`user_id`, `role_id`) VALUES (6, 11);

COMMIT;


-- -----------------------------------------------------
-- Data for table `serlo`.`permission`
-- -----------------------------------------------------
START TRANSACTION;
USE `serlo`;
INSERT INTO `serlo`.`permission` (`id`, `name`) VALUES (95, 'ad.create');
INSERT INTO `serlo`.`permission` (`id`, `name`) VALUES (97, 'ad.get');
INSERT INTO `serlo`.`permission` (`id`, `name`) VALUES (98, 'ad.remove');
INSERT INTO `serlo`.`permission` (`id`, `name`) VALUES (96, 'ad.update');
INSERT INTO `serlo`.`permission` (`id`, `name`) VALUES (92, 'attachment.append');
INSERT INTO `serlo`.`permission` (`id`, `name`) VALUES (91, 'attachment.create');
INSERT INTO `serlo`.`permission` (`id`, `name`) VALUES (101, 'attachment.get');
INSERT INTO `serlo`.`permission` (`id`, `name`) VALUES (94, 'attachment.purge');
INSERT INTO `serlo`.`permission` (`id`, `name`) VALUES (118, 'attachment.restore');
INSERT INTO `serlo`.`permission` (`id`, `name`) VALUES (93, 'attachment.trash');
INSERT INTO `serlo`.`permission` (`id`, `name`) VALUES (12, 'authorization.identity.grant.role');
INSERT INTO `serlo`.`permission` (`id`, `name`) VALUES (14, 'authorization.identity.grant.role.sysadmin');
INSERT INTO `serlo`.`permission` (`id`, `name`) VALUES (13, 'authorization.identity.revoke.role');
INSERT INTO `serlo`.`permission` (`id`, `name`) VALUES (15, 'authorization.identity.revoke.role.sysadmin');
INSERT INTO `serlo`.`permission` (`id`, `name`) VALUES (89, 'authorization.role.create');
INSERT INTO `serlo`.`permission` (`id`, `name`) VALUES (16, 'authorization.role.grant.permission');
INSERT INTO `serlo`.`permission` (`id`, `name`) VALUES (90, 'authorization.role.remove');
INSERT INTO `serlo`.`permission` (`id`, `name`) VALUES (17, 'authorization.role.revoke.permission');
INSERT INTO `serlo`.`permission` (`id`, `name`) VALUES (102, 'blog.get');
INSERT INTO `serlo`.`permission` (`id`, `name`) VALUES (1, 'blog.post.create');
INSERT INTO `serlo`.`permission` (`id`, `name`) VALUES (103, 'blog.post.get');
INSERT INTO `serlo`.`permission` (`id`, `name`) VALUES (4, 'blog.post.purge');
INSERT INTO `serlo`.`permission` (`id`, `name`) VALUES (76, 'blog.post.restore');
INSERT INTO `serlo`.`permission` (`id`, `name`) VALUES (3, 'blog.post.trash');
INSERT INTO `serlo`.`permission` (`id`, `name`) VALUES (2, 'blog.post.update');
INSERT INTO `serlo`.`permission` (`id`, `name`) VALUES (19, 'blog.posts.get');
INSERT INTO `serlo`.`permission` (`id`, `name`) VALUES (104, 'blog.posts.get.unpublished');
INSERT INTO `serlo`.`permission` (`id`, `name`) VALUES (9, 'contexter.context.add');
INSERT INTO `serlo`.`permission` (`id`, `name`) VALUES (105, 'contexter.context.get');
INSERT INTO `serlo`.`permission` (`id`, `name`) VALUES (8, 'contexter.context.remove');
INSERT INTO `serlo`.`permission` (`id`, `name`) VALUES (10, 'contexter.route.add');
INSERT INTO `serlo`.`permission` (`id`, `name`) VALUES (106, 'contexter.route.get');
INSERT INTO `serlo`.`permission` (`id`, `name`) VALUES (7, 'contexter.route.remove');
INSERT INTO `serlo`.`permission` (`id`, `name`) VALUES (24, 'discussion.archive');
INSERT INTO `serlo`.`permission` (`id`, `name`) VALUES (25, 'discussion.comment.create');
INSERT INTO `serlo`.`permission` (`id`, `name`) VALUES (27, 'discussion.comment.purge');
INSERT INTO `serlo`.`permission` (`id`, `name`) VALUES (75, 'discussion.comment.restore');
INSERT INTO `serlo`.`permission` (`id`, `name`) VALUES (26, 'discussion.comment.trash');
INSERT INTO `serlo`.`permission` (`id`, `name`) VALUES (20, 'discussion.create');
INSERT INTO `serlo`.`permission` (`id`, `name`) VALUES (108, 'discussion.get');
INSERT INTO `serlo`.`permission` (`id`, `name`) VALUES (22, 'discussion.purge');
INSERT INTO `serlo`.`permission` (`id`, `name`) VALUES (74, 'discussion.restore');
INSERT INTO `serlo`.`permission` (`id`, `name`) VALUES (21, 'discussion.trash');
INSERT INTO `serlo`.`permission` (`id`, `name`) VALUES (23, 'discussion.vote');
INSERT INTO `serlo`.`permission` (`id`, `name`) VALUES (28, 'entity.create');
INSERT INTO `serlo`.`permission` (`id`, `name`) VALUES (109, 'entity.get');
INSERT INTO `serlo`.`permission` (`id`, `name`) VALUES (35, 'entity.license.update');
INSERT INTO `serlo`.`permission` (`id`, `name`) VALUES (36, 'entity.link.create');
INSERT INTO `serlo`.`permission` (`id`, `name`) VALUES (69, 'entity.link.order');
INSERT INTO `serlo`.`permission` (`id`, `name`) VALUES (37, 'entity.link.purge');
INSERT INTO `serlo`.`permission` (`id`, `name`) VALUES (30, 'entity.purge');
INSERT INTO `serlo`.`permission` (`id`, `name`) VALUES (110, 'entity.repository.history');
INSERT INTO `serlo`.`permission` (`id`, `name`) VALUES (70, 'entity.restore');
INSERT INTO `serlo`.`permission` (`id`, `name`) VALUES (34, 'entity.revision.checkout');
INSERT INTO `serlo`.`permission` (`id`, `name`) VALUES (31, 'entity.revision.create');
INSERT INTO `serlo`.`permission` (`id`, `name`) VALUES (33, 'entity.revision.purge');
INSERT INTO `serlo`.`permission` (`id`, `name`) VALUES (71, 'entity.revision.restore');
INSERT INTO `serlo`.`permission` (`id`, `name`) VALUES (32, 'entity.revision.trash');
INSERT INTO `serlo`.`permission` (`id`, `name`) VALUES (29, 'entity.trash');
INSERT INTO `serlo`.`permission` (`id`, `name`) VALUES (111, 'event.log.get');
INSERT INTO `serlo`.`permission` (`id`, `name`) VALUES (38, 'flag.create');
INSERT INTO `serlo`.`permission` (`id`, `name`) VALUES (112, 'flag.get');
INSERT INTO `serlo`.`permission` (`id`, `name`) VALUES (39, 'flag.purge');
INSERT INTO `serlo`.`permission` (`id`, `name`) VALUES (119, 'instance.get');
INSERT INTO `serlo`.`permission` (`id`, `name`) VALUES (40, 'license.create');
INSERT INTO `serlo`.`permission` (`id`, `name`) VALUES (113, 'license.get');
INSERT INTO `serlo`.`permission` (`id`, `name`) VALUES (42, 'license.purge');
INSERT INTO `serlo`.`permission` (`id`, `name`) VALUES (41, 'license.update');
INSERT INTO `serlo`.`permission` (`id`, `name`) VALUES (11, 'login');
INSERT INTO `serlo`.`permission` (`id`, `name`) VALUES (85, 'navigation.manage');
INSERT INTO `serlo`.`permission` (`id`, `name`) VALUES (60, 'page.create');
INSERT INTO `serlo`.`permission` (`id`, `name`) VALUES (114, 'page.get');
INSERT INTO `serlo`.`permission` (`id`, `name`) VALUES (63, 'page.purge');
INSERT INTO `serlo`.`permission` (`id`, `name`) VALUES (72, 'page.restore');
INSERT INTO `serlo`.`permission` (`id`, `name`) VALUES (67, 'page.revision.checkout');
INSERT INTO `serlo`.`permission` (`id`, `name`) VALUES (64, 'page.revision.create');
INSERT INTO `serlo`.`permission` (`id`, `name`) VALUES (66, 'page.revision.purge');
INSERT INTO `serlo`.`permission` (`id`, `name`) VALUES (73, 'page.revision.restore');
INSERT INTO `serlo`.`permission` (`id`, `name`) VALUES (65, 'page.revision.trash');
INSERT INTO `serlo`.`permission` (`id`, `name`) VALUES (62, 'page.trash');
INSERT INTO `serlo`.`permission` (`id`, `name`) VALUES (61, 'page.update');
INSERT INTO `serlo`.`permission` (`id`, `name`) VALUES (44, 'related.content.create');
INSERT INTO `serlo`.`permission` (`id`, `name`) VALUES (79, 'related.content.get');
INSERT INTO `serlo`.`permission` (`id`, `name`) VALUES (45, 'related.content.purge');
INSERT INTO `serlo`.`permission` (`id`, `name`) VALUES (46, 'related.content.update');
INSERT INTO `serlo`.`permission` (`id`, `name`) VALUES (47, 'taxonomy.create');
INSERT INTO `serlo`.`permission` (`id`, `name`) VALUES (116, 'taxonomy.get');
INSERT INTO `serlo`.`permission` (`id`, `name`) VALUES (48, 'taxonomy.purge');
INSERT INTO `serlo`.`permission` (`id`, `name`) VALUES (53, 'taxonomy.term.associate');
INSERT INTO `serlo`.`permission` (`id`, `name`) VALUES (80, 'taxonomy.term.associated.sort');
INSERT INTO `serlo`.`permission` (`id`, `name`) VALUES (49, 'taxonomy.term.create');
INSERT INTO `serlo`.`permission` (`id`, `name`) VALUES (54, 'taxonomy.term.dissociate');
INSERT INTO `serlo`.`permission` (`id`, `name`) VALUES (115, 'taxonomy.term.get');
INSERT INTO `serlo`.`permission` (`id`, `name`) VALUES (52, 'taxonomy.term.purge');
INSERT INTO `serlo`.`permission` (`id`, `name`) VALUES (77, 'taxonomy.term.restore');
INSERT INTO `serlo`.`permission` (`id`, `name`) VALUES (55, 'taxonomy.term.sort');
INSERT INTO `serlo`.`permission` (`id`, `name`) VALUES (51, 'taxonomy.term.trash');
INSERT INTO `serlo`.`permission` (`id`, `name`) VALUES (50, 'taxonomy.term.update');
INSERT INTO `serlo`.`permission` (`id`, `name`) VALUES (56, 'upload.create');
INSERT INTO `serlo`.`permission` (`id`, `name`) VALUES (57, 'upload.purge');
INSERT INTO `serlo`.`permission` (`id`, `name`) VALUES (82, 'user.create');
INSERT INTO `serlo`.`permission` (`id`, `name`) VALUES (84, 'user.logout');
INSERT INTO `serlo`.`permission` (`id`, `name`) VALUES (121, 'user.purge');
INSERT INTO `serlo`.`permission` (`id`, `name`) VALUES (122, 'user.restore');
INSERT INTO `serlo`.`permission` (`id`, `name`) VALUES (120, 'user.trash');
INSERT INTO `serlo`.`permission` (`id`, `name`) VALUES (83, 'user.update');
INSERT INTO `serlo`.`permission` (`id`, `name`) VALUES (58, 'uuid.create');
INSERT INTO `serlo`.`permission` (`id`, `name`) VALUES (59, 'uuid.purge');
INSERT INTO `serlo`.`permission` (`id`, `name`) VALUES (78, 'uuid.restore');

COMMIT;


-- -----------------------------------------------------
-- Data for table `serlo`.`instance_permission`
-- -----------------------------------------------------
START TRANSACTION;
USE `serlo`;
INSERT INTO `serlo`.`instance_permission` (`id`, `permission_id`, `instance_id`) VALUES (1, 1, 1);
INSERT INTO `serlo`.`instance_permission` (`id`, `permission_id`, `instance_id`) VALUES (2, 2, 1);
INSERT INTO `serlo`.`instance_permission` (`id`, `permission_id`, `instance_id`) VALUES (3, 3, 1);
INSERT INTO `serlo`.`instance_permission` (`id`, `permission_id`, `instance_id`) VALUES (4, 4, 1);
INSERT INTO `serlo`.`instance_permission` (`id`, `permission_id`, `instance_id`) VALUES (7, 7, 1);
INSERT INTO `serlo`.`instance_permission` (`id`, `permission_id`, `instance_id`) VALUES (8, 8, 1);
INSERT INTO `serlo`.`instance_permission` (`id`, `permission_id`, `instance_id`) VALUES (9, 9, 1);
INSERT INTO `serlo`.`instance_permission` (`id`, `permission_id`, `instance_id`) VALUES (10, 10, 1);
INSERT INTO `serlo`.`instance_permission` (`id`, `permission_id`, `instance_id`) VALUES (11, 11, 1);
INSERT INTO `serlo`.`instance_permission` (`id`, `permission_id`, `instance_id`) VALUES (12, 12, 1);
INSERT INTO `serlo`.`instance_permission` (`id`, `permission_id`, `instance_id`) VALUES (13, 13, 1);
INSERT INTO `serlo`.`instance_permission` (`id`, `permission_id`, `instance_id`) VALUES (14, 14, NULL);
INSERT INTO `serlo`.`instance_permission` (`id`, `permission_id`, `instance_id`) VALUES (15, 15, NULL);
INSERT INTO `serlo`.`instance_permission` (`id`, `permission_id`, `instance_id`) VALUES (16, 16, NULL);
INSERT INTO `serlo`.`instance_permission` (`id`, `permission_id`, `instance_id`) VALUES (17, 17, NULL);
INSERT INTO `serlo`.`instance_permission` (`id`, `permission_id`, `instance_id`) VALUES (19, 19, 1);
INSERT INTO `serlo`.`instance_permission` (`id`, `permission_id`, `instance_id`) VALUES (20, 20, 1);
INSERT INTO `serlo`.`instance_permission` (`id`, `permission_id`, `instance_id`) VALUES (21, 21, 1);
INSERT INTO `serlo`.`instance_permission` (`id`, `permission_id`, `instance_id`) VALUES (22, 22, 1);
INSERT INTO `serlo`.`instance_permission` (`id`, `permission_id`, `instance_id`) VALUES (23, 23, 1);
INSERT INTO `serlo`.`instance_permission` (`id`, `permission_id`, `instance_id`) VALUES (24, 24, 1);
INSERT INTO `serlo`.`instance_permission` (`id`, `permission_id`, `instance_id`) VALUES (25, 25, 1);
INSERT INTO `serlo`.`instance_permission` (`id`, `permission_id`, `instance_id`) VALUES (26, 26, 1);
INSERT INTO `serlo`.`instance_permission` (`id`, `permission_id`, `instance_id`) VALUES (27, 27, 1);
INSERT INTO `serlo`.`instance_permission` (`id`, `permission_id`, `instance_id`) VALUES (28, 28, 1);
INSERT INTO `serlo`.`instance_permission` (`id`, `permission_id`, `instance_id`) VALUES (29, 29, 1);
INSERT INTO `serlo`.`instance_permission` (`id`, `permission_id`, `instance_id`) VALUES (30, 30, 1);
INSERT INTO `serlo`.`instance_permission` (`id`, `permission_id`, `instance_id`) VALUES (31, 31, 1);
INSERT INTO `serlo`.`instance_permission` (`id`, `permission_id`, `instance_id`) VALUES (32, 32, 1);
INSERT INTO `serlo`.`instance_permission` (`id`, `permission_id`, `instance_id`) VALUES (33, 33, 1);
INSERT INTO `serlo`.`instance_permission` (`id`, `permission_id`, `instance_id`) VALUES (34, 34, 1);
INSERT INTO `serlo`.`instance_permission` (`id`, `permission_id`, `instance_id`) VALUES (35, 35, 1);
INSERT INTO `serlo`.`instance_permission` (`id`, `permission_id`, `instance_id`) VALUES (36, 36, 1);
INSERT INTO `serlo`.`instance_permission` (`id`, `permission_id`, `instance_id`) VALUES (37, 37, 1);
INSERT INTO `serlo`.`instance_permission` (`id`, `permission_id`, `instance_id`) VALUES (38, 38, 1);
INSERT INTO `serlo`.`instance_permission` (`id`, `permission_id`, `instance_id`) VALUES (39, 39, 1);
INSERT INTO `serlo`.`instance_permission` (`id`, `permission_id`, `instance_id`) VALUES (40, 40, 1);
INSERT INTO `serlo`.`instance_permission` (`id`, `permission_id`, `instance_id`) VALUES (41, 41, 1);
INSERT INTO `serlo`.`instance_permission` (`id`, `permission_id`, `instance_id`) VALUES (42, 42, NULL);
INSERT INTO `serlo`.`instance_permission` (`id`, `permission_id`, `instance_id`) VALUES (44, 44, 1);
INSERT INTO `serlo`.`instance_permission` (`id`, `permission_id`, `instance_id`) VALUES (45, 45, 1);
INSERT INTO `serlo`.`instance_permission` (`id`, `permission_id`, `instance_id`) VALUES (46, 46, 1);
INSERT INTO `serlo`.`instance_permission` (`id`, `permission_id`, `instance_id`) VALUES (47, 47, 1);
INSERT INTO `serlo`.`instance_permission` (`id`, `permission_id`, `instance_id`) VALUES (48, 48, 1);
INSERT INTO `serlo`.`instance_permission` (`id`, `permission_id`, `instance_id`) VALUES (49, 49, 1);
INSERT INTO `serlo`.`instance_permission` (`id`, `permission_id`, `instance_id`) VALUES (50, 50, 1);
INSERT INTO `serlo`.`instance_permission` (`id`, `permission_id`, `instance_id`) VALUES (51, 51, 1);
INSERT INTO `serlo`.`instance_permission` (`id`, `permission_id`, `instance_id`) VALUES (52, 52, 1);
INSERT INTO `serlo`.`instance_permission` (`id`, `permission_id`, `instance_id`) VALUES (53, 53, 1);
INSERT INTO `serlo`.`instance_permission` (`id`, `permission_id`, `instance_id`) VALUES (54, 54, 1);
INSERT INTO `serlo`.`instance_permission` (`id`, `permission_id`, `instance_id`) VALUES (55, 55, 1);
INSERT INTO `serlo`.`instance_permission` (`id`, `permission_id`, `instance_id`) VALUES (56, 56, 1);
INSERT INTO `serlo`.`instance_permission` (`id`, `permission_id`, `instance_id`) VALUES (57, 57, 1);
INSERT INTO `serlo`.`instance_permission` (`id`, `permission_id`, `instance_id`) VALUES (58, 58, 1);
INSERT INTO `serlo`.`instance_permission` (`id`, `permission_id`, `instance_id`) VALUES (59, 59, NULL);
INSERT INTO `serlo`.`instance_permission` (`id`, `permission_id`, `instance_id`) VALUES (60, 60, 1);
INSERT INTO `serlo`.`instance_permission` (`id`, `permission_id`, `instance_id`) VALUES (61, 61, 1);
INSERT INTO `serlo`.`instance_permission` (`id`, `permission_id`, `instance_id`) VALUES (62, 62, 1);
INSERT INTO `serlo`.`instance_permission` (`id`, `permission_id`, `instance_id`) VALUES (63, 63, NULL);
INSERT INTO `serlo`.`instance_permission` (`id`, `permission_id`, `instance_id`) VALUES (64, 64, 1);
INSERT INTO `serlo`.`instance_permission` (`id`, `permission_id`, `instance_id`) VALUES (65, 65, 1);
INSERT INTO `serlo`.`instance_permission` (`id`, `permission_id`, `instance_id`) VALUES (66, 66, NULL);
INSERT INTO `serlo`.`instance_permission` (`id`, `permission_id`, `instance_id`) VALUES (67, 67, 1);
INSERT INTO `serlo`.`instance_permission` (`id`, `permission_id`, `instance_id`) VALUES (68, 68, 1);
INSERT INTO `serlo`.`instance_permission` (`id`, `permission_id`, `instance_id`) VALUES (69, 69, 1);
INSERT INTO `serlo`.`instance_permission` (`id`, `permission_id`, `instance_id`) VALUES (70, 70, 1);
INSERT INTO `serlo`.`instance_permission` (`id`, `permission_id`, `instance_id`) VALUES (71, 71, 1);
INSERT INTO `serlo`.`instance_permission` (`id`, `permission_id`, `instance_id`) VALUES (72, 72, 1);
INSERT INTO `serlo`.`instance_permission` (`id`, `permission_id`, `instance_id`) VALUES (73, 73, 1);
INSERT INTO `serlo`.`instance_permission` (`id`, `permission_id`, `instance_id`) VALUES (74, 74, 1);
INSERT INTO `serlo`.`instance_permission` (`id`, `permission_id`, `instance_id`) VALUES (75, 75, 1);
INSERT INTO `serlo`.`instance_permission` (`id`, `permission_id`, `instance_id`) VALUES (76, 76, 1);
INSERT INTO `serlo`.`instance_permission` (`id`, `permission_id`, `instance_id`) VALUES (77, 77, 1);
INSERT INTO `serlo`.`instance_permission` (`id`, `permission_id`, `instance_id`) VALUES (78, 78, NULL);
INSERT INTO `serlo`.`instance_permission` (`id`, `permission_id`, `instance_id`) VALUES (79, 79, 1);
INSERT INTO `serlo`.`instance_permission` (`id`, `permission_id`, `instance_id`) VALUES (80, 80, 1);
INSERT INTO `serlo`.`instance_permission` (`id`, `permission_id`, `instance_id`) VALUES (82, 82, 1);
INSERT INTO `serlo`.`instance_permission` (`id`, `permission_id`, `instance_id`) VALUES (83, 83, 1);
INSERT INTO `serlo`.`instance_permission` (`id`, `permission_id`, `instance_id`) VALUES (84, 84, 1);
INSERT INTO `serlo`.`instance_permission` (`id`, `permission_id`, `instance_id`) VALUES (85, 85, 1);
INSERT INTO `serlo`.`instance_permission` (`id`, `permission_id`, `instance_id`) VALUES (89, 89, NULL);
INSERT INTO `serlo`.`instance_permission` (`id`, `permission_id`, `instance_id`) VALUES (90, 90, NULL);
INSERT INTO `serlo`.`instance_permission` (`id`, `permission_id`, `instance_id`) VALUES (91, 91, 1);
INSERT INTO `serlo`.`instance_permission` (`id`, `permission_id`, `instance_id`) VALUES (92, 92, 1);
INSERT INTO `serlo`.`instance_permission` (`id`, `permission_id`, `instance_id`) VALUES (93, 93, 1);
INSERT INTO `serlo`.`instance_permission` (`id`, `permission_id`, `instance_id`) VALUES (94, 94, NULL);
INSERT INTO `serlo`.`instance_permission` (`id`, `permission_id`, `instance_id`) VALUES (95, 95, 1);
INSERT INTO `serlo`.`instance_permission` (`id`, `permission_id`, `instance_id`) VALUES (96, 96, 1);
INSERT INTO `serlo`.`instance_permission` (`id`, `permission_id`, `instance_id`) VALUES (97, 97, 1);
INSERT INTO `serlo`.`instance_permission` (`id`, `permission_id`, `instance_id`) VALUES (98, 98, 1);
INSERT INTO `serlo`.`instance_permission` (`id`, `permission_id`, `instance_id`) VALUES (101, 101, 1);
INSERT INTO `serlo`.`instance_permission` (`id`, `permission_id`, `instance_id`) VALUES (102, 102, 1);
INSERT INTO `serlo`.`instance_permission` (`id`, `permission_id`, `instance_id`) VALUES (103, 103, 1);
INSERT INTO `serlo`.`instance_permission` (`id`, `permission_id`, `instance_id`) VALUES (104, 104, 1);
INSERT INTO `serlo`.`instance_permission` (`id`, `permission_id`, `instance_id`) VALUES (105, 105, 1);
INSERT INTO `serlo`.`instance_permission` (`id`, `permission_id`, `instance_id`) VALUES (106, 106, 1);
INSERT INTO `serlo`.`instance_permission` (`id`, `permission_id`, `instance_id`) VALUES (108, 108, 1);
INSERT INTO `serlo`.`instance_permission` (`id`, `permission_id`, `instance_id`) VALUES (109, 109, 1);
INSERT INTO `serlo`.`instance_permission` (`id`, `permission_id`, `instance_id`) VALUES (110, 110, 1);
INSERT INTO `serlo`.`instance_permission` (`id`, `permission_id`, `instance_id`) VALUES (111, 112, NULL);
INSERT INTO `serlo`.`instance_permission` (`id`, `permission_id`, `instance_id`) VALUES (112, 112, 1);
INSERT INTO `serlo`.`instance_permission` (`id`, `permission_id`, `instance_id`) VALUES (113, 111, 1);
INSERT INTO `serlo`.`instance_permission` (`id`, `permission_id`, `instance_id`) VALUES (114, 12, NULL);
INSERT INTO `serlo`.`instance_permission` (`id`, `permission_id`, `instance_id`) VALUES (115, 13, NULL);
INSERT INTO `serlo`.`instance_permission` (`id`, `permission_id`, `instance_id`) VALUES (116, 113, 1);
INSERT INTO `serlo`.`instance_permission` (`id`, `permission_id`, `instance_id`) VALUES (117, 114, 1);
INSERT INTO `serlo`.`instance_permission` (`id`, `permission_id`, `instance_id`) VALUES (118, 116, 1);
INSERT INTO `serlo`.`instance_permission` (`id`, `permission_id`, `instance_id`) VALUES (119, 115, 1);
INSERT INTO `serlo`.`instance_permission` (`id`, `permission_id`, `instance_id`) VALUES (120, 118, 1);
INSERT INTO `serlo`.`instance_permission` (`id`, `permission_id`, `instance_id`) VALUES (121, 44, NULL);
INSERT INTO `serlo`.`instance_permission` (`id`, `permission_id`, `instance_id`) VALUES (122, 79, NULL);
INSERT INTO `serlo`.`instance_permission` (`id`, `permission_id`, `instance_id`) VALUES (123, 45, NULL);
INSERT INTO `serlo`.`instance_permission` (`id`, `permission_id`, `instance_id`) VALUES (124, 46, NULL);
INSERT INTO `serlo`.`instance_permission` (`id`, `permission_id`, `instance_id`) VALUES (125, 119, 1);
INSERT INTO `serlo`.`instance_permission` (`id`, `permission_id`, `instance_id`) VALUES (126, 120, NULL);
INSERT INTO `serlo`.`instance_permission` (`id`, `permission_id`, `instance_id`) VALUES (127, 122, NULL);
INSERT INTO `serlo`.`instance_permission` (`id`, `permission_id`, `instance_id`) VALUES (128, 119, NULL);

COMMIT;


-- -----------------------------------------------------
-- Data for table `serlo`.`role_permission`
-- -----------------------------------------------------
START TRANSACTION;
USE `serlo`;
INSERT INTO `serlo`.`role_permission` (`role_id`, `permission_id`) VALUES (9, 1);
INSERT INTO `serlo`.`role_permission` (`role_id`, `permission_id`) VALUES (9, 2);
INSERT INTO `serlo`.`role_permission` (`role_id`, `permission_id`) VALUES (9, 3);
INSERT INTO `serlo`.`role_permission` (`role_id`, `permission_id`) VALUES (9, 4);
INSERT INTO `serlo`.`role_permission` (`role_id`, `permission_id`) VALUES (10, 7);
INSERT INTO `serlo`.`role_permission` (`role_id`, `permission_id`) VALUES (10, 8);
INSERT INTO `serlo`.`role_permission` (`role_id`, `permission_id`) VALUES (10, 9);
INSERT INTO `serlo`.`role_permission` (`role_id`, `permission_id`) VALUES (10, 10);
INSERT INTO `serlo`.`role_permission` (`role_id`, `permission_id`) VALUES (2, 11);
INSERT INTO `serlo`.`role_permission` (`role_id`, `permission_id`) VALUES (10, 12);
INSERT INTO `serlo`.`role_permission` (`role_id`, `permission_id`) VALUES (10, 13);
INSERT INTO `serlo`.`role_permission` (`role_id`, `permission_id`) VALUES (11, 14);
INSERT INTO `serlo`.`role_permission` (`role_id`, `permission_id`) VALUES (11, 15);
INSERT INTO `serlo`.`role_permission` (`role_id`, `permission_id`) VALUES (11, 16);
INSERT INTO `serlo`.`role_permission` (`role_id`, `permission_id`) VALUES (11, 17);
INSERT INTO `serlo`.`role_permission` (`role_id`, `permission_id`) VALUES (10, 19);
INSERT INTO `serlo`.`role_permission` (`role_id`, `permission_id`) VALUES (2, 20);
INSERT INTO `serlo`.`role_permission` (`role_id`, `permission_id`) VALUES (7, 21);
INSERT INTO `serlo`.`role_permission` (`role_id`, `permission_id`) VALUES (10, 22);
INSERT INTO `serlo`.`role_permission` (`role_id`, `permission_id`) VALUES (2, 23);
INSERT INTO `serlo`.`role_permission` (`role_id`, `permission_id`) VALUES (7, 24);
INSERT INTO `serlo`.`role_permission` (`role_id`, `permission_id`) VALUES (2, 25);
INSERT INTO `serlo`.`role_permission` (`role_id`, `permission_id`) VALUES (7, 26);
INSERT INTO `serlo`.`role_permission` (`role_id`, `permission_id`) VALUES (10, 27);
INSERT INTO `serlo`.`role_permission` (`role_id`, `permission_id`) VALUES (2, 28);
INSERT INTO `serlo`.`role_permission` (`role_id`, `permission_id`) VALUES (5, 29);
INSERT INTO `serlo`.`role_permission` (`role_id`, `permission_id`) VALUES (10, 30);
INSERT INTO `serlo`.`role_permission` (`role_id`, `permission_id`) VALUES (2, 31);
INSERT INTO `serlo`.`role_permission` (`role_id`, `permission_id`) VALUES (3, 32);
INSERT INTO `serlo`.`role_permission` (`role_id`, `permission_id`) VALUES (10, 33);
INSERT INTO `serlo`.`role_permission` (`role_id`, `permission_id`) VALUES (3, 34);
INSERT INTO `serlo`.`role_permission` (`role_id`, `permission_id`) VALUES (5, 35);
INSERT INTO `serlo`.`role_permission` (`role_id`, `permission_id`) VALUES (10, 35);
INSERT INTO `serlo`.`role_permission` (`role_id`, `permission_id`) VALUES (2, 36);
INSERT INTO `serlo`.`role_permission` (`role_id`, `permission_id`) VALUES (4, 37);
INSERT INTO `serlo`.`role_permission` (`role_id`, `permission_id`) VALUES (2, 38);
INSERT INTO `serlo`.`role_permission` (`role_id`, `permission_id`) VALUES (7, 39);
INSERT INTO `serlo`.`role_permission` (`role_id`, `permission_id`) VALUES (5, 40);
INSERT INTO `serlo`.`role_permission` (`role_id`, `permission_id`) VALUES (5, 41);
INSERT INTO `serlo`.`role_permission` (`role_id`, `permission_id`) VALUES (11, 42);
INSERT INTO `serlo`.`role_permission` (`role_id`, `permission_id`) VALUES (3, 44);
INSERT INTO `serlo`.`role_permission` (`role_id`, `permission_id`) VALUES (4, 44);
INSERT INTO `serlo`.`role_permission` (`role_id`, `permission_id`) VALUES (3, 45);
INSERT INTO `serlo`.`role_permission` (`role_id`, `permission_id`) VALUES (4, 45);
INSERT INTO `serlo`.`role_permission` (`role_id`, `permission_id`) VALUES (3, 46);
INSERT INTO `serlo`.`role_permission` (`role_id`, `permission_id`) VALUES (4, 46);
INSERT INTO `serlo`.`role_permission` (`role_id`, `permission_id`) VALUES (2, 47);
INSERT INTO `serlo`.`role_permission` (`role_id`, `permission_id`) VALUES (10, 47);
INSERT INTO `serlo`.`role_permission` (`role_id`, `permission_id`) VALUES (10, 48);
INSERT INTO `serlo`.`role_permission` (`role_id`, `permission_id`) VALUES (4, 49);
INSERT INTO `serlo`.`role_permission` (`role_id`, `permission_id`) VALUES (4, 50);
INSERT INTO `serlo`.`role_permission` (`role_id`, `permission_id`) VALUES (4, 51);
INSERT INTO `serlo`.`role_permission` (`role_id`, `permission_id`) VALUES (10, 52);
INSERT INTO `serlo`.`role_permission` (`role_id`, `permission_id`) VALUES (2, 53);
INSERT INTO `serlo`.`role_permission` (`role_id`, `permission_id`) VALUES (4, 54);
INSERT INTO `serlo`.`role_permission` (`role_id`, `permission_id`) VALUES (4, 55);
INSERT INTO `serlo`.`role_permission` (`role_id`, `permission_id`) VALUES (2, 56);
INSERT INTO `serlo`.`role_permission` (`role_id`, `permission_id`) VALUES (10, 57);
INSERT INTO `serlo`.`role_permission` (`role_id`, `permission_id`) VALUES (2, 58);
INSERT INTO `serlo`.`role_permission` (`role_id`, `permission_id`) VALUES (11, 59);
INSERT INTO `serlo`.`role_permission` (`role_id`, `permission_id`) VALUES (10, 60);
INSERT INTO `serlo`.`role_permission` (`role_id`, `permission_id`) VALUES (10, 61);
INSERT INTO `serlo`.`role_permission` (`role_id`, `permission_id`) VALUES (10, 62);
INSERT INTO `serlo`.`role_permission` (`role_id`, `permission_id`) VALUES (11, 63);
INSERT INTO `serlo`.`role_permission` (`role_id`, `permission_id`) VALUES (2, 64);
INSERT INTO `serlo`.`role_permission` (`role_id`, `permission_id`) VALUES (2, 65);
INSERT INTO `serlo`.`role_permission` (`role_id`, `permission_id`) VALUES (11, 66);
INSERT INTO `serlo`.`role_permission` (`role_id`, `permission_id`) VALUES (2, 67);
INSERT INTO `serlo`.`role_permission` (`role_id`, `permission_id`) VALUES (4, 69);
INSERT INTO `serlo`.`role_permission` (`role_id`, `permission_id`) VALUES (4, 70);
INSERT INTO `serlo`.`role_permission` (`role_id`, `permission_id`) VALUES (3, 71);
INSERT INTO `serlo`.`role_permission` (`role_id`, `permission_id`) VALUES (10, 72);
INSERT INTO `serlo`.`role_permission` (`role_id`, `permission_id`) VALUES (2, 73);
INSERT INTO `serlo`.`role_permission` (`role_id`, `permission_id`) VALUES (7, 74);
INSERT INTO `serlo`.`role_permission` (`role_id`, `permission_id`) VALUES (7, 75);
INSERT INTO `serlo`.`role_permission` (`role_id`, `permission_id`) VALUES (9, 76);
INSERT INTO `serlo`.`role_permission` (`role_id`, `permission_id`) VALUES (4, 77);
INSERT INTO `serlo`.`role_permission` (`role_id`, `permission_id`) VALUES (11, 78);
INSERT INTO `serlo`.`role_permission` (`role_id`, `permission_id`) VALUES (1, 79);
INSERT INTO `serlo`.`role_permission` (`role_id`, `permission_id`) VALUES (3, 79);
INSERT INTO `serlo`.`role_permission` (`role_id`, `permission_id`) VALUES (4, 79);
INSERT INTO `serlo`.`role_permission` (`role_id`, `permission_id`) VALUES (4, 80);
INSERT INTO `serlo`.`role_permission` (`role_id`, `permission_id`) VALUES (1, 82);
INSERT INTO `serlo`.`role_permission` (`role_id`, `permission_id`) VALUES (2, 83);
INSERT INTO `serlo`.`role_permission` (`role_id`, `permission_id`) VALUES (2, 84);
INSERT INTO `serlo`.`role_permission` (`role_id`, `permission_id`) VALUES (10, 85);
INSERT INTO `serlo`.`role_permission` (`role_id`, `permission_id`) VALUES (11, 89);
INSERT INTO `serlo`.`role_permission` (`role_id`, `permission_id`) VALUES (11, 90);
INSERT INTO `serlo`.`role_permission` (`role_id`, `permission_id`) VALUES (2, 91);
INSERT INTO `serlo`.`role_permission` (`role_id`, `permission_id`) VALUES (2, 92);
INSERT INTO `serlo`.`role_permission` (`role_id`, `permission_id`) VALUES (5, 93);
INSERT INTO `serlo`.`role_permission` (`role_id`, `permission_id`) VALUES (11, 94);
INSERT INTO `serlo`.`role_permission` (`role_id`, `permission_id`) VALUES (6, 95);
INSERT INTO `serlo`.`role_permission` (`role_id`, `permission_id`) VALUES (6, 96);
INSERT INTO `serlo`.`role_permission` (`role_id`, `permission_id`) VALUES (1, 97);
INSERT INTO `serlo`.`role_permission` (`role_id`, `permission_id`) VALUES (6, 98);
INSERT INTO `serlo`.`role_permission` (`role_id`, `permission_id`) VALUES (1, 101);
INSERT INTO `serlo`.`role_permission` (`role_id`, `permission_id`) VALUES (1, 102);
INSERT INTO `serlo`.`role_permission` (`role_id`, `permission_id`) VALUES (1, 103);
INSERT INTO `serlo`.`role_permission` (`role_id`, `permission_id`) VALUES (9, 104);
INSERT INTO `serlo`.`role_permission` (`role_id`, `permission_id`) VALUES (1, 105);
INSERT INTO `serlo`.`role_permission` (`role_id`, `permission_id`) VALUES (1, 106);
INSERT INTO `serlo`.`role_permission` (`role_id`, `permission_id`) VALUES (1, 108);
INSERT INTO `serlo`.`role_permission` (`role_id`, `permission_id`) VALUES (1, 109);
INSERT INTO `serlo`.`role_permission` (`role_id`, `permission_id`) VALUES (1, 110);
INSERT INTO `serlo`.`role_permission` (`role_id`, `permission_id`) VALUES (1, 112);
INSERT INTO `serlo`.`role_permission` (`role_id`, `permission_id`) VALUES (1, 113);
INSERT INTO `serlo`.`role_permission` (`role_id`, `permission_id`) VALUES (11, 114);
INSERT INTO `serlo`.`role_permission` (`role_id`, `permission_id`) VALUES (11, 115);
INSERT INTO `serlo`.`role_permission` (`role_id`, `permission_id`) VALUES (1, 116);
INSERT INTO `serlo`.`role_permission` (`role_id`, `permission_id`) VALUES (1, 117);
INSERT INTO `serlo`.`role_permission` (`role_id`, `permission_id`) VALUES (1, 118);
INSERT INTO `serlo`.`role_permission` (`role_id`, `permission_id`) VALUES (1, 119);
INSERT INTO `serlo`.`role_permission` (`role_id`, `permission_id`) VALUES (5, 120);
INSERT INTO `serlo`.`role_permission` (`role_id`, `permission_id`) VALUES (1, 125);
INSERT INTO `serlo`.`role_permission` (`role_id`, `permission_id`) VALUES (11, 126);
INSERT INTO `serlo`.`role_permission` (`role_id`, `permission_id`) VALUES (11, 127);
INSERT INTO `serlo`.`role_permission` (`role_id`, `permission_id`) VALUES (11, 128);

COMMIT;


-- -----------------------------------------------------
-- Data for table `serlo`.`metadata_key`
-- -----------------------------------------------------
START TRANSACTION;
USE `serlo`;
INSERT INTO `serlo`.`metadata_key` (`id`, `name`) VALUES (1, 'subject');
INSERT INTO `serlo`.`metadata_key` (`id`, `name`) VALUES (2, 'keywords');
INSERT INTO `serlo`.`metadata_key` (`id`, `name`) VALUES (3, 'description');
INSERT INTO `serlo`.`metadata_key` (`id`, `name`) VALUES (4, 'license');
INSERT INTO `serlo`.`metadata_key` (`id`, `name`) VALUES (5, 'author');

COMMIT;


-- -----------------------------------------------------
-- Data for table `serlo`.`navigation_container`
-- -----------------------------------------------------
START TRANSACTION;
USE `serlo`;
INSERT INTO `serlo`.`navigation_container` (`id`, `instance_id`, `type_id`) VALUES (1, 1, 28);
INSERT INTO `serlo`.`navigation_container` (`id`, `instance_id`, `type_id`) VALUES (2, 1, 30);

COMMIT;


-- -----------------------------------------------------
-- Data for table `serlo`.`navigation_page`
-- -----------------------------------------------------
START TRANSACTION;
USE `serlo`;
INSERT INTO `serlo`.`navigation_page` (`id`, `container_id`, `parent_id`, `position`) VALUES (1, 1, NULL, NULL);
INSERT INTO `serlo`.`navigation_page` (`id`, `container_id`, `parent_id`, `position`) VALUES (2, 2, NULL, NULL);
INSERT INTO `serlo`.`navigation_page` (`id`, `container_id`, `parent_id`, `position`) VALUES (3, 2, NULL, NULL);
INSERT INTO `serlo`.`navigation_page` (`id`, `container_id`, `parent_id`, `position`) VALUES (4, 2, 2, NULL);
INSERT INTO `serlo`.`navigation_page` (`id`, `container_id`, `parent_id`, `position`) VALUES (5, 2, 3, NULL);
INSERT INTO `serlo`.`navigation_page` (`id`, `container_id`, `parent_id`, `position`) VALUES (6, 2, 3, NULL);
INSERT INTO `serlo`.`navigation_page` (`id`, `container_id`, `parent_id`, `position`) VALUES (7, 1, 1, NULL);
INSERT INTO `serlo`.`navigation_page` (`id`, `container_id`, `parent_id`, `position`) VALUES (8, 1, 1, NULL);
INSERT INTO `serlo`.`navigation_page` (`id`, `container_id`, `parent_id`, `position`) VALUES (9, 1, 1, NULL);
INSERT INTO `serlo`.`navigation_page` (`id`, `container_id`, `parent_id`, `position`) VALUES (10, 1, 1, NULL);
INSERT INTO `serlo`.`navigation_page` (`id`, `container_id`, `parent_id`, `position`) VALUES (11, 1, 10, NULL);
INSERT INTO `serlo`.`navigation_page` (`id`, `container_id`, `parent_id`, `position`) VALUES (12, 1, 10, NULL);
INSERT INTO `serlo`.`navigation_page` (`id`, `container_id`, `parent_id`, `position`) VALUES (13, 1, 10, NULL);

COMMIT;


-- -----------------------------------------------------
-- Data for table `serlo`.`navigation_parameter_key`
-- -----------------------------------------------------
START TRANSACTION;
USE `serlo`;
INSERT INTO `serlo`.`navigation_parameter_key` (`id`, `name`) VALUES (1, 'label');
INSERT INTO `serlo`.`navigation_parameter_key` (`id`, `name`) VALUES (2, 'uri');
INSERT INTO `serlo`.`navigation_parameter_key` (`id`, `name`) VALUES (3, 'route');
INSERT INTO `serlo`.`navigation_parameter_key` (`id`, `name`) VALUES (4, 'icon');
INSERT INTO `serlo`.`navigation_parameter_key` (`id`, `name`) VALUES (5, 'visible');
INSERT INTO `serlo`.`navigation_parameter_key` (`id`, `name`) VALUES (6, 'params');
INSERT INTO `serlo`.`navigation_parameter_key` (`id`, `name`) VALUES (7, 'subject');
INSERT INTO `serlo`.`navigation_parameter_key` (`id`, `name`) VALUES (8, 'options');
INSERT INTO `serlo`.`navigation_parameter_key` (`id`, `name`) VALUES (9, 'provider');
INSERT INTO `serlo`.`navigation_parameter_key` (`id`, `name`) VALUES (10, 'type');
INSERT INTO `serlo`.`navigation_parameter_key` (`id`, `name`) VALUES (11, 'parent');
INSERT INTO `serlo`.`navigation_parameter_key` (`id`, `name`) VALUES (12, 'slug');
INSERT INTO `serlo`.`navigation_parameter_key` (`id`, `name`) VALUES (13, 'types');
INSERT INTO `serlo`.`navigation_parameter_key` (`id`, `name`) VALUES (14, 'max_depth');
INSERT INTO `serlo`.`navigation_parameter_key` (`id`, `name`) VALUES (15, 'instance');
INSERT INTO `serlo`.`navigation_parameter_key` (`id`, `name`) VALUES (16, '0');
INSERT INTO `serlo`.`navigation_parameter_key` (`id`, `name`) VALUES (17, '1');
INSERT INTO `serlo`.`navigation_parameter_key` (`id`, `name`) VALUES (18, '2');
INSERT INTO `serlo`.`navigation_parameter_key` (`id`, `name`) VALUES (19, 'action');
INSERT INTO `serlo`.`navigation_parameter_key` (`id`, `name`) VALUES (20, 'id');

COMMIT;


-- -----------------------------------------------------
-- Data for table `serlo`.`navigation_parameter`
-- -----------------------------------------------------
START TRANSACTION;
USE `serlo`;
INSERT INTO `serlo`.`navigation_parameter` (`id`, `page_id`, `key_id`, `parent_id`, `value`) VALUES (1, 2, 1, NULL, 'Fcher');
INSERT INTO `serlo`.`navigation_parameter` (`id`, `page_id`, `key_id`, `parent_id`, `value`) VALUES (2, 2, 2, NULL, '#');
INSERT INTO `serlo`.`navigation_parameter` (`id`, `page_id`, `key_id`, `parent_id`, `value`) VALUES (3, 3, 1, NULL, 'Labor');
INSERT INTO `serlo`.`navigation_parameter` (`id`, `page_id`, `key_id`, `parent_id`, `value`) VALUES (4, 3, 2, NULL, '#');
INSERT INTO `serlo`.`navigation_parameter` (`id`, `page_id`, `key_id`, `parent_id`, `value`) VALUES (5, 4, 1, NULL, 'Mathe');
INSERT INTO `serlo`.`navigation_parameter` (`id`, `page_id`, `key_id`, `parent_id`, `value`) VALUES (6, 4, 3, NULL, 'subject');
INSERT INTO `serlo`.`navigation_parameter` (`id`, `page_id`, `key_id`, `parent_id`, `value`) VALUES (7, 4, 6, NULL, '');
INSERT INTO `serlo`.`navigation_parameter` (`id`, `page_id`, `key_id`, `parent_id`, `value`) VALUES (8, 2, 7, 7, 'mathe');
INSERT INTO `serlo`.`navigation_parameter` (`id`, `page_id`, `key_id`, `parent_id`, `value`) VALUES (9, 5, 1, NULL, 'Physik');
INSERT INTO `serlo`.`navigation_parameter` (`id`, `page_id`, `key_id`, `parent_id`, `value`) VALUES (10, 5, 6, NULL, '');
INSERT INTO `serlo`.`navigation_parameter` (`id`, `page_id`, `key_id`, `parent_id`, `value`) VALUES (11, 5, 3, NULL, 'subject');
INSERT INTO `serlo`.`navigation_parameter` (`id`, `page_id`, `key_id`, `parent_id`, `value`) VALUES (12, 5, 7, 10, 'physik');
INSERT INTO `serlo`.`navigation_parameter` (`id`, `page_id`, `key_id`, `parent_id`, `value`) VALUES (13, 6, 1, NULL, 'Permakultur');
INSERT INTO `serlo`.`navigation_parameter` (`id`, `page_id`, `key_id`, `parent_id`, `value`) VALUES (14, 6, 6, NULL, '');
INSERT INTO `serlo`.`navigation_parameter` (`id`, `page_id`, `key_id`, `parent_id`, `value`) VALUES (15, 6, 3, NULL, 'subject');
INSERT INTO `serlo`.`navigation_parameter` (`id`, `page_id`, `key_id`, `parent_id`, `value`) VALUES (16, 6, 7, 14, 'permakultur');
INSERT INTO `serlo`.`navigation_parameter` (`id`, `page_id`, `key_id`, `parent_id`, `value`) VALUES (17, 1, 1, NULL, 'Mathe');
INSERT INTO `serlo`.`navigation_parameter` (`id`, `page_id`, `key_id`, `parent_id`, `value`) VALUES (18, 1, 6, NULL, '');
INSERT INTO `serlo`.`navigation_parameter` (`id`, `page_id`, `key_id`, `parent_id`, `value`) VALUES (19, 1, 7, 18, 'mathe');
INSERT INTO `serlo`.`navigation_parameter` (`id`, `page_id`, `key_id`, `parent_id`, `value`) VALUES (20, 1, 3, NULL, 'subject');
INSERT INTO `serlo`.`navigation_parameter` (`id`, `page_id`, `key_id`, `parent_id`, `value`) VALUES (21, 7, 1, NULL, 'Startseite');
INSERT INTO `serlo`.`navigation_parameter` (`id`, `page_id`, `key_id`, `parent_id`, `value`) VALUES (22, 7, 6, NULL, '');
INSERT INTO `serlo`.`navigation_parameter` (`id`, `page_id`, `key_id`, `parent_id`, `value`) VALUES (23, 7, 7, 22, 'mathe');
INSERT INTO `serlo`.`navigation_parameter` (`id`, `page_id`, `key_id`, `parent_id`, `value`) VALUES (24, 7, 3, NULL, 'subject');
INSERT INTO `serlo`.`navigation_parameter` (`id`, `page_id`, `key_id`, `parent_id`, `value`) VALUES (25, 7, 4, NULL, 'home');
INSERT INTO `serlo`.`navigation_parameter` (`id`, `page_id`, `key_id`, `parent_id`, `value`) VALUES (26, 8, 1, NULL, 'Lehrplan');
INSERT INTO `serlo`.`navigation_parameter` (`id`, `page_id`, `key_id`, `parent_id`, `value`) VALUES (27, 8, 6, NULL, '');
INSERT INTO `serlo`.`navigation_parameter` (`id`, `page_id`, `key_id`, `parent_id`, `value`) VALUES (28, 8, 4, NULL, 'map-marker');
INSERT INTO `serlo`.`navigation_parameter` (`id`, `page_id`, `key_id`, `parent_id`, `value`) VALUES (29, 8, 8, NULL, '');
INSERT INTO `serlo`.`navigation_parameter` (`id`, `page_id`, `key_id`, `parent_id`, `value`) VALUES (30, 8, 9, NULL, 'Taxonomy\\Provider\\NavigationProvider');
INSERT INTO `serlo`.`navigation_parameter` (`id`, `page_id`, `key_id`, `parent_id`, `value`) VALUES (31, 8, 7, 27, 'subject');
INSERT INTO `serlo`.`navigation_parameter` (`id`, `page_id`, `key_id`, `parent_id`, `value`) VALUES (32, 8, 11, 29, '');
INSERT INTO `serlo`.`navigation_parameter` (`id`, `page_id`, `key_id`, `parent_id`, `value`) VALUES (33, 8, 13, 29, '');
INSERT INTO `serlo`.`navigation_parameter` (`id`, `page_id`, `key_id`, `parent_id`, `value`) VALUES (34, 8, 15, 29, 'Deutsch');
INSERT INTO `serlo`.`navigation_parameter` (`id`, `page_id`, `key_id`, `parent_id`, `value`) VALUES (35, 8, 3, 29, 'subject/taxonomy');
INSERT INTO `serlo`.`navigation_parameter` (`id`, `page_id`, `key_id`, `parent_id`, `value`) VALUES (36, 8, 14, 29, '10');
INSERT INTO `serlo`.`navigation_parameter` (`id`, `page_id`, `key_id`, `parent_id`, `value`) VALUES (37, 8, 6, 29, '');
INSERT INTO `serlo`.`navigation_parameter` (`id`, `page_id`, `key_id`, `parent_id`, `value`) VALUES (38, 8, 12, 32, 'mathe');
INSERT INTO `serlo`.`navigation_parameter` (`id`, `page_id`, `key_id`, `parent_id`, `value`) VALUES (39, 8, 10, 32, 'subject');
INSERT INTO `serlo`.`navigation_parameter` (`id`, `page_id`, `key_id`, `parent_id`, `value`) VALUES (40, 8, 16, 33, 'locale');
INSERT INTO `serlo`.`navigation_parameter` (`id`, `page_id`, `key_id`, `parent_id`, `value`) VALUES (41, 8, 17, 33, 'curriculum');
INSERT INTO `serlo`.`navigation_parameter` (`id`, `page_id`, `key_id`, `parent_id`, `value`) VALUES (42, 8, 18, 33, 'curriculum-folder');
INSERT INTO `serlo`.`navigation_parameter` (`id`, `page_id`, `key_id`, `parent_id`, `value`) VALUES (43, 8, 7, 37, 'mathe');
INSERT INTO `serlo`.`navigation_parameter` (`id`, `page_id`, `key_id`, `parent_id`, `value`) VALUES (44, 8, 3, NULL, 'subject');
INSERT INTO `serlo`.`navigation_parameter` (`id`, `page_id`, `key_id`, `parent_id`, `value`) VALUES (45, 9, 1, NULL, 'Lernen');
INSERT INTO `serlo`.`navigation_parameter` (`id`, `page_id`, `key_id`, `parent_id`, `value`) VALUES (46, 9, 9, NULL, 'Taxonomy\\Provider\\NavigationProvider');
INSERT INTO `serlo`.`navigation_parameter` (`id`, `page_id`, `key_id`, `parent_id`, `value`) VALUES (47, 9, 8, NULL, '');
INSERT INTO `serlo`.`navigation_parameter` (`id`, `page_id`, `key_id`, `parent_id`, `value`) VALUES (48, 9, 4, NULL, 'book');
INSERT INTO `serlo`.`navigation_parameter` (`id`, `page_id`, `key_id`, `parent_id`, `value`) VALUES (49, 9, 6, NULL, '');
INSERT INTO `serlo`.`navigation_parameter` (`id`, `page_id`, `key_id`, `parent_id`, `value`) VALUES (50, 9, 11, 47, '');
INSERT INTO `serlo`.`navigation_parameter` (`id`, `page_id`, `key_id`, `parent_id`, `value`) VALUES (51, 9, 13, 47, '');
INSERT INTO `serlo`.`navigation_parameter` (`id`, `page_id`, `key_id`, `parent_id`, `value`) VALUES (52, 9, 15, 47, 'deutsch');
INSERT INTO `serlo`.`navigation_parameter` (`id`, `page_id`, `key_id`, `parent_id`, `value`) VALUES (53, 9, 3, 47, 'subject/taxonomy');
INSERT INTO `serlo`.`navigation_parameter` (`id`, `page_id`, `key_id`, `parent_id`, `value`) VALUES (54, 9, 14, 47, '10');
INSERT INTO `serlo`.`navigation_parameter` (`id`, `page_id`, `key_id`, `parent_id`, `value`) VALUES (55, 9, 6, 47, '');
INSERT INTO `serlo`.`navigation_parameter` (`id`, `page_id`, `key_id`, `parent_id`, `value`) VALUES (56, 9, 12, 50, 'mathe');
INSERT INTO `serlo`.`navigation_parameter` (`id`, `page_id`, `key_id`, `parent_id`, `value`) VALUES (57, 9, 10, 50, 'subject');
INSERT INTO `serlo`.`navigation_parameter` (`id`, `page_id`, `key_id`, `parent_id`, `value`) VALUES (58, 9, 16, 51, 'topic');
INSERT INTO `serlo`.`navigation_parameter` (`id`, `page_id`, `key_id`, `parent_id`, `value`) VALUES (59, 9, 17, 51, 'topic-folder');
INSERT INTO `serlo`.`navigation_parameter` (`id`, `page_id`, `key_id`, `parent_id`, `value`) VALUES (60, 9, 7, 55, 'mathe');
INSERT INTO `serlo`.`navigation_parameter` (`id`, `page_id`, `key_id`, `parent_id`, `value`) VALUES (61, 9, 7, 49, 'mathe');
INSERT INTO `serlo`.`navigation_parameter` (`id`, `page_id`, `key_id`, `parent_id`, `value`) VALUES (62, 9, 3, NULL, 'subject');
INSERT INTO `serlo`.`navigation_parameter` (`id`, `page_id`, `key_id`, `parent_id`, `value`) VALUES (63, 10, 1, NULL, 'Verwalten');
INSERT INTO `serlo`.`navigation_parameter` (`id`, `page_id`, `key_id`, `parent_id`, `value`) VALUES (64, 10, 2, NULL, '#');
INSERT INTO `serlo`.`navigation_parameter` (`id`, `page_id`, `key_id`, `parent_id`, `value`) VALUES (65, 10, 4, NULL, 'cog');
INSERT INTO `serlo`.`navigation_parameter` (`id`, `page_id`, `key_id`, `parent_id`, `value`) VALUES (66, 11, 1, NULL, 'Neue Bearbeitungen');
INSERT INTO `serlo`.`navigation_parameter` (`id`, `page_id`, `key_id`, `parent_id`, `value`) VALUES (67, 11, 3, NULL, 'subject/entity');
INSERT INTO `serlo`.`navigation_parameter` (`id`, `page_id`, `key_id`, `parent_id`, `value`) VALUES (68, 11, 6, NULL, '');
INSERT INTO `serlo`.`navigation_parameter` (`id`, `page_id`, `key_id`, `parent_id`, `value`) VALUES (69, 12, 1, NULL, 'Papierkorb');
INSERT INTO `serlo`.`navigation_parameter` (`id`, `page_id`, `key_id`, `parent_id`, `value`) VALUES (70, 12, 3, NULL, 'subject/entity');
INSERT INTO `serlo`.`navigation_parameter` (`id`, `page_id`, `key_id`, `parent_id`, `value`) VALUES (71, 12, 6, NULL, '');
INSERT INTO `serlo`.`navigation_parameter` (`id`, `page_id`, `key_id`, `parent_id`, `value`) VALUES (72, 13, 1, NULL, 'Taxonomie verwalten');
INSERT INTO `serlo`.`navigation_parameter` (`id`, `page_id`, `key_id`, `parent_id`, `value`) VALUES (73, 13, 3, NULL, 'taxonomy/term/organize');
INSERT INTO `serlo`.`navigation_parameter` (`id`, `page_id`, `key_id`, `parent_id`, `value`) VALUES (74, 13, 6, NULL, '');
INSERT INTO `serlo`.`navigation_parameter` (`id`, `page_id`, `key_id`, `parent_id`, `value`) VALUES (75, 11, 7, 68, 'mathe');
INSERT INTO `serlo`.`navigation_parameter` (`id`, `page_id`, `key_id`, `parent_id`, `value`) VALUES (76, 12, 7, 71, 'mathe');
INSERT INTO `serlo`.`navigation_parameter` (`id`, `page_id`, `key_id`, `parent_id`, `value`) VALUES (77, 12, 19, 71, 'trash-bin');
INSERT INTO `serlo`.`navigation_parameter` (`id`, `page_id`, `key_id`, `parent_id`, `value`) VALUES (79, 13, 20, 74, '5');
INSERT INTO `serlo`.`navigation_parameter` (`id`, `page_id`, `key_id`, `parent_id`, `value`) VALUES (80, 11, 19, 68, 'unrevised');

COMMIT;


-- -----------------------------------------------------
-- Data for table `serlo`.`role_inheritance`
-- -----------------------------------------------------
START TRANSACTION;
USE `serlo`;
INSERT INTO `serlo`.`role_inheritance` (`role_id`, `child_id`) VALUES (2, 1);
INSERT INTO `serlo`.`role_inheritance` (`role_id`, `child_id`) VALUES (3, 2);
INSERT INTO `serlo`.`role_inheritance` (`role_id`, `child_id`) VALUES (4, 3);
INSERT INTO `serlo`.`role_inheritance` (`role_id`, `child_id`) VALUES (5, 4);
INSERT INTO `serlo`.`role_inheritance` (`role_id`, `child_id`) VALUES (7, 5);
INSERT INTO `serlo`.`role_inheritance` (`role_id`, `child_id`) VALUES (8, 7);
INSERT INTO `serlo`.`role_inheritance` (`role_id`, `child_id`) VALUES (9, 8);
INSERT INTO `serlo`.`role_inheritance` (`role_id`, `child_id`) VALUES (10, 9);
INSERT INTO `serlo`.`role_inheritance` (`role_id`, `child_id`) VALUES (11, 10);

COMMIT;


SET SQL_MODE=@OLD_SQL_MODE;
SET FOREIGN_KEY_CHECKS=@OLD_FOREIGN_KEY_CHECKS;
SET UNIQUE_CHECKS=@OLD_UNIQUE_CHECKS;
